"","stationcode","water_year_type","DS_Tim","SP_Dur","SP_Mag","SP_ROC","SP_Tim","Wet_BFL_Dur","Wet_BFL_Mag_10","Wet_BFL_Mag_50","Wet_Tim","DS_Dur_WS","DS_Mag_50","DS_Mag_90","Q99","FA_Dur","FA_Mag","FA_Tim"
"1","312PS0099","Moderate",0,NA,NA,NA,0,NA,NA,NA,NA,0,NA,NA,NA,NA,NA,NA
"2","312PS0099","Wet",NA,0,NA,0,NA,0,NA,NA,0,NA,-0.0015,NA,NA,NA,NA,NA
"3","312PS0099",NA,NA,NA,0.02905,NA,NA,NA,3e-04,-0.0014,NA,NA,NA,-0.00135,-0.006,NA,NA,NA
"4","312WE1028","Wet",0,0,NA,0,0,0,NA,NA,0,0,NA,NA,NA,NA,NA,NA
"5","312WE1028",NA,NA,NA,-0.01915,NA,NA,NA,0.0025,-0.002,NA,NA,0.0025,-7e-04,0.0248,NA,NA,NA
"6","312WE1035","Wet",0,0,NA,0,0,0,0,NA,0,0,NA,NA,NA,NA,NA,NA
"7","312WE1035",NA,NA,NA,-0.0057,NA,NA,NA,NA,0.01455,NA,NA,-2e-04,-3e-04,0.00505,NA,NA,NA
"8","314SYL",NA,-1,NA,18.82525,NA,NA,0.5,0.06645,0.1361,-0.5,59,0.3943,10.9911,1.62435,NA,NA,NA
"9","314SYL","Wet",NA,-2,NA,0,0,NA,NA,NA,NA,NA,NA,NA,NA,NA,NA,NA
"10","314WE0542","Wet",-2,NA,NA,NA,NA,NA,NA,NA,NA,-6,NA,NA,NA,NA,NA,NA
"11","314WE0542","Dry",NA,NA,0,NA,-29,-25,-0.832,NA,-4,NA,0,NA,NA,NA,NA,NA
"12","314WE0542","Moderate",NA,27,NA,-0.0298,NA,NA,NA,1.5,NA,NA,NA,0.1,0,NA,NA,NA
"13","314WE0542",NA,NA,NA,NA,NA,NA,NA,NA,NA,NA,NA,NA,NA,NA,0,0.2341,0
"14","314WE0677","Moderate",0,NA,NA,NA,0,0,0,NA,NA,0,NA,NA,NA,NA,NA,NA
"15","314WE0677","Wet",NA,0,NA,0,NA,NA,NA,NA,0,NA,NA,NA,NA,NA,NA,NA
"16","314WE0677",NA,NA,NA,0.0122,NA,NA,NA,NA,-0.00025,NA,NA,-6e-04,-0.00055,-0.0016,NA,NA,NA
"17","314WE0779","Moderate",NA,NA,NA,NA,0,0,0,NA,NA,0,0,0,NA,NA,NA,NA
"18","314WE0779","Wet",0,0,-4e-04,0,NA,NA,NA,0,0,NA,NA,NA,NA,NA,NA,NA
"19","314WE0779",NA,NA,NA,NA,NA,NA,NA,NA,NA,NA,NA,NA,NA,-2e-04,NA,NA,NA
"20","314WE0796","Wet",0,0,NA,0,NA,0,NA,NA,NA,-3,NA,NA,NA,NA,NA,NA
"21","314WE0796",NA,NA,NA,NA,NA,NA,NA,-0.0011,NA,NA,NA,3e-04,NA,NA,NA,NA,NA
"22","314WE0796","Dry",NA,NA,0,NA,NA,NA,NA,NA,NA,NA,NA,0,0,NA,NA,NA
"23","314WE0796","Moderate",NA,NA,NA,NA,0,NA,NA,0,-1,NA,NA,NA,NA,NA,NA,NA
"24","314WE1046","Wet",0,0,NA,0,0,0,NA,NA,NA,0,NA,NA,NA,NA,NA,NA
"25","314WE1046",NA,NA,NA,0.1154,NA,NA,NA,-0.0018,-0.0137,NA,NA,0.0075,-0.0015,0.1045,NA,NA,NA
"26","314WE1046","Moderate",NA,NA,NA,NA,NA,NA,NA,NA,0,NA,NA,NA,NA,NA,NA,NA
"27","315CE0584","Wet",0,0,NA,0,0,-2,NA,0,0,-2,NA,0,NA,NA,NA,NA
"28","315CE0584",NA,NA,NA,0.0013,NA,NA,NA,6e-04,NA,NA,NA,-3e-04,NA,3e-04,NA,NA,NA
"29","315GAVGSP",NA,NA,NA,1.3983,NA,NA,NA,NA,NA,NA,0,0,0,0.7199,NA,NA,NA
"30","315GAVGSP","Wet",0,0,NA,0,0,-2,0,0,0,NA,NA,NA,NA,NA,NA,NA
"31","315MIU","Wet",-1,NA,NA,NA,0,NA,NA,NA,NA,NA,NA,NA,NA,NA,NA,NA
"32","315MIU",NA,NA,-0.5,0.762,3e-04,NA,0.5,-0.0051,0.2937,-0.5,-1,-0.0016,-0.0022,-0.049,NA,NA,NA
"33","402BA0079","Wet",-6,-6,NA,0,0,NA,NA,NA,NA,NA,NA,NA,NA,NA,NA,NA
"34","402BA0079",NA,NA,NA,14.15035,NA,NA,0.5,0.6172,-0.156,-0.5,-3,-0.0715,-0.1964,9.1296,NA,NA,NA
"35","402BA0095","Wet",0,0,NA,-0.0046,0,0,NA,NA,0,0,NA,NA,-0.0032,NA,NA,NA
"36","402BA0095","Moderate",NA,NA,NA,NA,NA,NA,NA,-0.199,NA,NA,-6e-04,0,NA,NA,NA,NA
"37","402BA0095",NA,NA,NA,-0.0017,NA,NA,NA,7e-04,NA,NA,NA,NA,NA,NA,NA,NA,NA
"38","402BA0143","Wet",-1,0,NA,0,NA,0,NA,NA,NA,NA,NA,NA,NA,NA,NA,NA
"39","402BA0143",NA,NA,NA,53.6848,NA,NA,NA,-0.0923,-0.379,NA,NA,-0.25735,-0.42535,38.6539,0,-207.7937,-42
"40","402BA0143","Moderate",NA,NA,NA,NA,0,NA,NA,NA,-3,-159,NA,NA,NA,NA,NA,NA
"41","402BA0287","Wet",0,0,NA,NA,0,0,NA,NA,0,0,NA,NA,NA,NA,NA,NA
"42","402BA0287",NA,NA,NA,-0.00605,NA,NA,NA,0.0027,0.00145,NA,NA,-0.00045,-6e-04,-0.001,NA,NA,NA
"43","402BA0287","Moderate",NA,NA,NA,0,NA,NA,NA,NA,NA,NA,NA,NA,NA,NA,NA,NA
"44","402BA0335","Moderate",-4,NA,NA,NA,NA,NA,NA,NA,-3,-97,NA,NA,NA,NA,NA,NA
"45","402BA0335",NA,NA,NA,26.2332,5e-04,NA,NA,0.0375,0.636,NA,NA,0.6766,0.8056,13.4249,NA,88.5127,NA
"46","402BA0335","Dry",NA,-4,NA,NA,NA,NA,NA,NA,NA,NA,NA,NA,NA,NA,NA,NA
"47","402BA0335","Wet",NA,NA,NA,NA,0,0,NA,NA,NA,NA,NA,NA,NA,-5,NA,0
"48","402WE0536","Wet",0,0,NA,NA,0,0,NA,0,0,0,NA,-0.001,NA,NA,NA,NA
"49","402WE0536",NA,NA,NA,-0.0043,NA,NA,NA,0.0014,NA,NA,NA,-3e-04,NA,-0.0069,NA,NA,NA
"50","402WE0536","Moderate",NA,NA,NA,0,NA,NA,NA,NA,NA,NA,NA,NA,NA,NA,NA,NA
"51","402WE0803","Moderate",0,NA,-0.0225,NA,NA,NA,NA,NA,NA,0,NA,NA,NA,NA,NA,NA
"52","402WE0803","Wet",NA,0,NA,0,0,0,NA,NA,0,NA,-0.001,-0.001,NA,NA,NA,NA
"53","402WE0803",NA,NA,NA,NA,NA,NA,NA,0.00275,-0.00055,NA,NA,NA,NA,0.0022,-31,0.1554,0
"54","403BA0015","Wet",NA,NA,-0.0019,0,0,0,-0.1372,-0.018,0,-11,0,0,NA,NA,NA,NA
"55","403BA0015","Moderate",0,0,NA,NA,NA,NA,NA,NA,NA,NA,NA,NA,NA,NA,NA,NA
"56","403BA0015",NA,NA,NA,NA,NA,NA,NA,NA,NA,NA,NA,NA,NA,-0.00025,NA,NA,NA
"57","403BA0027","Wet",0,NA,NA,0,0,NA,NA,NA,0,NA,NA,NA,NA,NA,NA,NA
"58","403BA0027","Moderate",NA,0,NA,NA,NA,0,NA,NA,NA,NA,NA,NA,NA,NA,NA,NA
"59","403BA0027",NA,NA,NA,-0.0322,NA,NA,NA,0.0081,0.0057,NA,0,-1e-04,-1e-04,-0.0277,NA,NA,NA
"60","403BA0171","Wet",0,NA,NA,0,NA,0,-0.005,NA,NA,0,NA,NA,NA,NA,NA,NA
"61","403BA0171",NA,NA,NA,-0.146,NA,NA,NA,NA,-0.0286,NA,NA,-0.0069,-0.0189,0.145,2,0.1167,0
"62","403BA0171","Moderate",NA,0,NA,NA,0,NA,NA,NA,0,NA,NA,NA,NA,NA,NA,NA
"63","403BA0960","Moderate",0,NA,NA,NA,0,NA,0,0,-1,-2,0,NA,0,NA,NA,NA
"64","403BA0960","Dry",NA,NA,0,NA,NA,1,NA,NA,NA,NA,NA,0,NA,NA,NA,NA
"65","403BA0960","Wet",NA,-72,NA,0,NA,NA,NA,NA,NA,NA,NA,NA,NA,NA,NA,NA
"66","403CE0188","Wet",NA,NA,NA,NA,0,NA,NA,NA,-1,-5,NA,NA,NA,NA,NA,NA
"67","403CE0188",NA,NA,NA,2.8005,2e-04,NA,NA,0.004,-0.0797,NA,NA,0.1042,0.1896,1.526,2,-6.8261,-7
"68","403CE0188","Dry",-5,NA,NA,NA,NA,NA,NA,NA,NA,NA,NA,NA,NA,NA,NA,NA
"69","403CE0188","Moderate",NA,-3,NA,NA,NA,0,NA,NA,NA,NA,NA,NA,NA,NA,NA,NA
"70","403S00640",NA,NA,NA,-0.0655,NA,NA,NA,0.01565,0.56725,NA,1.5,-0.0102,0.0012,-0.00545,-1,1.8923,-8
"71","403S00640","Wet",-2,NA,NA,0,NA,NA,NA,NA,-4,NA,NA,NA,NA,NA,NA,NA
"72","403S00640","Moderate",NA,-2,NA,NA,NA,-3,NA,NA,NA,NA,NA,NA,NA,NA,NA,NA
"73","403S00640","Dry",NA,NA,NA,NA,0,NA,NA,NA,NA,NA,NA,NA,NA,NA,NA,NA
"74","403S00831","Moderate",0,NA,NA,NA,NA,NA,NA,NA,NA,NA,NA,NA,NA,NA,NA,NA
"75","403S00831","Wet",NA,0,NA,0,0,0,NA,NA,0,0,NA,NA,NA,NA,NA,NA
"76","403S00831",NA,NA,NA,-0.0029,NA,NA,NA,0.0016,-0.00015,NA,NA,7e-04,-3e-04,-0.00265,NA,NA,NA
"77","403S00875","Moderate",NA,NA,NA,0,NA,NA,0,NA,NA,0,0,0,NA,NA,NA,NA
"78","403S00875","Wet",0,0,0,NA,0,0,NA,0,0,NA,NA,NA,1e-04,NA,NA,NA
"79","403S01195","Wet",0,NA,NA,0,0,NA,NA,NA,0,0,NA,NA,NA,NA,NA,NA
"80","403S01195",NA,NA,NA,1.15605,NA,NA,NA,-0.0054,-0.0074,NA,NA,-0.0167,-0.0257,0.6627,0,4.0565,0
"81","403S01195","Dry",NA,0,NA,NA,NA,NA,NA,NA,NA,NA,NA,NA,NA,NA,NA,NA
"82","403S01195","Moderate",NA,NA,NA,NA,NA,0,NA,NA,NA,NA,NA,NA,NA,NA,NA,NA
"83","403S01536","Wet",NA,NA,NA,NA,NA,NA,NA,NA,NA,-2,NA,0.1,NA,NA,NA,NA
"84","403S01536","Moderate",NA,NA,NA,-0.0298,NA,NA,NA,NA,NA,NA,0,NA,NA,NA,NA,NA
"85","403S01536","Dry",-2,27,0,NA,-29,-25,-0.832,1.5,-4,NA,NA,NA,0,NA,NA,NA
"86","403S01707","Wet",0,0,NA,0,0,0,NA,NA,0,0,NA,-0.0163,NA,NA,NA,NA
"87","403S01707",NA,NA,NA,0.04865,NA,NA,NA,0.0071,0.02965,NA,NA,0.0011,NA,0.19775,NA,NA,NA
"88","403S01728","Moderate",NA,NA,NA,NA,NA,NA,NA,NA,0,-4,NA,NA,NA,NA,NA,NA
"89","403S01728","Dry",NA,NA,NA,NA,0,NA,0,NA,NA,NA,0.01,0,NA,NA,NA,NA
"90","403S01728","Wet",-42,NA,NA,0.0458,NA,NA,NA,1.6,NA,NA,NA,NA,NA,NA,NA,NA
"91","403S01728",NA,NA,-43,1.0625,NA,NA,41,NA,NA,NA,NA,NA,NA,0.4165,NA,NA,NA
"92","403S02363","Wet",0,NA,NA,0,NA,0,NA,NA,0,0,NA,NA,NA,NA,NA,NA
"93","403S02363",NA,NA,NA,1.0653,NA,NA,NA,-0.007,-0.0355,NA,NA,-0.0172,-0.0239,1.22985,0,5.2596,0
"94","403S02363","Moderate",NA,0,NA,NA,NA,NA,NA,NA,NA,NA,NA,NA,NA,NA,NA,NA
"95","403S02363","Dry",NA,NA,NA,NA,0,NA,NA,NA,NA,NA,NA,NA,NA,NA,NA,NA
"96","403S03643","Moderate",NA,0,NA,0,NA,0,NA,NA,NA,0,NA,NA,NA,NA,NA,NA
"97","403S03643",NA,NA,NA,1.06155,NA,NA,NA,-0.0069,-0.0159,NA,NA,-0.01465,-0.02185,1.2016,0,5.2351,0
"98","403S03643","Wet",0,NA,NA,NA,NA,NA,NA,NA,0,NA,NA,NA,NA,NA,NA,NA
"99","403S03643","Dry",NA,NA,NA,NA,0,NA,NA,NA,NA,NA,NA,NA,NA,NA,NA,NA
"100","403S05291","Wet",0,NA,NA,NA,NA,0,NA,NA,0,0,-0.0497,NA,NA,NA,NA,NA
"101","403S05291",NA,NA,NA,1.129,NA,NA,NA,-0.0066,-0.0183,NA,NA,NA,-0.0211,0.5949,0,3.562,0
"102","403S05291","Dry",NA,0,NA,NA,NA,NA,NA,NA,NA,NA,NA,NA,NA,NA,NA,NA
"103","403S05291","Moderate",NA,NA,NA,0,0,NA,NA,NA,NA,NA,NA,NA,NA,NA,NA,NA
"104","403S06139","Wet",0,0,NA,0,NA,0,NA,NA,0,0,NA,NA,NA,NA,NA,NA
"105","403S06139",NA,NA,NA,1.1594,NA,NA,NA,-0.0061,-0.0193,NA,NA,-0.0151,-0.0235,0.7515,0,4.3777,0
"106","403S06139","Moderate",NA,NA,NA,NA,0,NA,NA,NA,NA,NA,NA,NA,NA,NA,NA,NA
"107","403S06315","Moderate",NA,NA,NA,NA,NA,NA,NA,NA,NA,-1,NA,NA,NA,NA,NA,NA
"108","403S06315",NA,NA,NA,-0.0252,NA,NA,NA,0.0266,0.0668,NA,NA,0.0099,-0.0048,0.0047,NA,NA,NA
"109","403S06315","Wet",0,0,NA,0,NA,0,NA,NA,0,NA,NA,NA,NA,NA,NA,NA
"110","403S06315","Dry",NA,NA,NA,NA,0,NA,NA,NA,NA,NA,NA,NA,NA,NA,NA,NA
"111","403S07024","Moderate",NA,NA,NA,0,NA,NA,NA,NA,-1,-2,NA,NA,NA,NA,NA,NA
"112","403S07024",NA,NA,NA,-0.7999,NA,NA,NA,0.77135,1.7268,NA,NA,0.143,0.04695,1.0021,0.5,7.47335,-4.5
"113","403S07024","Dry",-1,NA,NA,NA,NA,NA,NA,NA,NA,NA,NA,NA,NA,NA,NA,NA
"114","403S07024","Wet",NA,-1,NA,NA,0,0,NA,NA,NA,NA,NA,NA,NA,NA,NA,NA
"115","403S07227","Moderate",NA,0,NA,0,NA,NA,NA,NA,NA,0,NA,NA,NA,NA,NA,NA
"116","403S07227",NA,NA,NA,0.94815,NA,NA,NA,-0.0067,-0.0336,NA,NA,-0.0164,-0.0226,1.0313,0,4.7333,0
"117","403S07227","Wet",0,NA,NA,NA,NA,0,NA,NA,0,NA,NA,NA,NA,NA,NA,NA
"118","403S07227","Dry",NA,NA,NA,NA,0,NA,NA,NA,NA,NA,NA,NA,NA,NA,NA,NA
"119","403S16332","Moderate",0,NA,NA,0,0,NA,NA,NA,NA,-1,NA,NA,NA,NA,NA,NA
"120","403S16332",NA,NA,NA,-0.4467,NA,NA,NA,0.0542,-0.58565,NA,NA,0.22105,0.0632,2.32875,0.5,-51.47165,-30.5
"121","403S16332","Dry",NA,0,NA,NA,NA,NA,NA,NA,NA,NA,NA,NA,NA,NA,NA,NA
"122","403S16332","Wet",NA,NA,NA,NA,NA,0,NA,NA,0,NA,NA,NA,NA,NA,NA,NA
"123","403STC009","Wet",NA,0,NA,NA,NA,0,NA,NA,0,-3,NA,NA,NA,NA,NA,NA
"124","403STC009",NA,NA,NA,-0.5249,NA,NA,NA,0.139,-0.761,NA,NA,0.1069,0.0573,2.44515,0.5,-49.07295,-30.5
"125","403STC009","Dry",0,NA,NA,NA,NA,NA,NA,NA,NA,NA,NA,NA,NA,NA,NA,NA
"126","403STC009","Moderate",NA,NA,NA,0,0,NA,NA,NA,NA,NA,NA,NA,NA,NA,NA,NA
"127","403STC070","Moderate",NA,NA,NA,NA,0,NA,NA,NA,NA,0,NA,NA,NA,NA,NA,NA
"128","403STC070","Wet",0,0,NA,0,NA,0,NA,NA,0,NA,-0.0477,NA,NA,NA,NA,NA
"129","403STC070",NA,NA,NA,1.0701,NA,NA,NA,-0.0062,0.0573,NA,NA,NA,-0.0209,0.586,0,3.4392,0
"130","403WE0501","Wet",NA,0,NA,NA,NA,NA,0,0,0,0,NA,0,0,NA,NA,NA
"131","403WE0501","Moderate",0,NA,0,0,0,0,NA,NA,NA,NA,0,NA,NA,NA,NA,NA
"132","403WE0534","Moderate",NA,-1,NA,NA,NA,0,NA,NA,NA,-1,NA,NA,NA,NA,NA,NA
"133","403WE0534",NA,NA,NA,-0.7786,NA,NA,NA,0.6468,0.5889,NA,NA,0.11705,0.0464,1.0244,1,12.7679,0
"134","403WE0534","Wet",-1,NA,NA,0,0,NA,NA,NA,-1,NA,NA,NA,NA,NA,NA,NA
"135","403WE0540","Wet",0,NA,NA,0,0,0,0,NA,0,NA,NA,NA,NA,NA,NA,NA
"136","403WE0540","Moderate",NA,0,NA,NA,NA,NA,NA,NA,NA,NA,NA,NA,NA,NA,NA,NA
"137","403WE0540",NA,NA,NA,-0.00115,NA,NA,NA,NA,-3e-04,NA,0.5,2e-04,6e-04,-0.00175,NA,NA,NA
"138","403WE0558","Wet",-9,NA,NA,-8e-04,NA,NA,NA,0.2,NA,-5,0.01,NA,NA,NA,NA,NA
"139","403WE0558","Moderate",NA,NA,NA,NA,NA,NA,NA,NA,0,NA,NA,0,NA,NA,NA,NA
"140","403WE0558",NA,NA,-36,0.8833,NA,40,NA,1.15,NA,NA,NA,NA,NA,0.4322,-2.5,1.2027,-22.5
"141","403WE0558","Dry",NA,NA,NA,NA,NA,0,NA,NA,NA,NA,NA,NA,NA,NA,NA,NA
"142","403WE0560","Moderate",NA,0,NA,0,NA,NA,NA,NA,NA,0,NA,NA,NA,NA,NA,NA
"143","403WE0560",NA,NA,NA,1.0749,NA,NA,NA,-0.007,0.007,NA,NA,-0.017,-0.0235,1.13085,0,5.2814,0
"144","403WE0560","Wet",0,NA,NA,NA,NA,0,NA,NA,0,NA,NA,NA,NA,NA,NA,NA
"145","403WE0560","Dry",NA,NA,NA,NA,0,NA,NA,NA,NA,NA,NA,NA,NA,NA,NA,NA
"146","403WE0682","Wet",NA,NA,NA,NA,NA,NA,NA,NA,NA,-2,NA,0.1,NA,NA,NA,NA
"147","403WE0682","Moderate",NA,NA,NA,-0.0298,NA,NA,NA,NA,NA,NA,0,NA,NA,NA,NA,NA
"148","403WE0682","Dry",-2,27,0,NA,-29,-25,-0.832,1.5,-4,NA,NA,NA,0,NA,NA,NA
"149","403WE0683","Wet",0,NA,NA,0,0,NA,NA,NA,0,0,NA,NA,NA,NA,NA,NA
"150","403WE0683",NA,NA,NA,0.00625,NA,NA,NA,0.00265,-0.00265,NA,NA,-4e-04,-6e-04,-0.00305,NA,NA,NA
"151","403WE0683","Moderate",NA,0,NA,NA,NA,0,NA,NA,NA,NA,NA,NA,NA,NA,NA,NA
"152","403WE0795","Wet",0,NA,NA,0,0,0,NA,NA,0,NA,NA,NA,NA,NA,NA,NA
"153","403WE0795","Moderate",NA,0,NA,NA,NA,NA,NA,NA,NA,NA,NA,NA,NA,NA,NA,NA
"154","403WE0795",NA,NA,NA,-0.0099,NA,NA,NA,0.00495,0.01945,NA,0.5,-8e-04,0.00055,0.0286,NA,NA,NA
"155","403WE0809","Moderate",NA,NA,NA,NA,0,0,NA,NA,NA,0,NA,NA,NA,NA,NA,NA
"156","403WE0809","Wet",0,0,NA,0,NA,NA,NA,NA,0,NA,-0.005,-0.004,NA,NA,NA,NA
"157","403WE0809",NA,NA,NA,0.0119,NA,NA,NA,-3e-04,0.0026,NA,NA,NA,NA,0.0343,0,0.0821,0
"158","403WE0891","Moderate",0,0,NA,0,NA,NA,NA,0,NA,NA,NA,NA,NA,NA,NA,NA
"159","403WE0891",NA,NA,NA,0.0018,NA,NA,NA,NA,NA,NA,0,0,0,NA,NA,NA,NA
"160","403WE0891","Wet",NA,NA,NA,NA,0,0,0,NA,0,NA,NA,NA,7e-04,NA,NA,NA
"161","403WE0905","Wet",0,NA,NA,NA,NA,0,NA,NA,0,0,NA,NA,NA,NA,NA,NA
"162","403WE0905",NA,NA,NA,1.1853,NA,NA,NA,-0.0059,-0.0242,NA,NA,-0.0148,-0.023,0.70845,0,4.2857,0
"163","403WE0905","Moderate",NA,0,NA,0,0,NA,NA,NA,NA,NA,NA,NA,NA,NA,NA,NA
"164","403WE1027","Dry",-2,-2,NA,NA,0,NA,NA,NA,-4,-9,0,NA,NA,NA,NA,NA
"165","403WE1027","Wet",NA,NA,NA,NA,NA,4,NA,1.5,NA,NA,NA,0.1,NA,NA,NA,NA
"166","403WE1027","Moderate",NA,NA,0,-0.0298,NA,NA,0.2,NA,NA,NA,NA,NA,0,NA,NA,NA
"167","403WE1027",NA,NA,NA,NA,NA,NA,NA,NA,NA,NA,NA,NA,NA,NA,0,0.2175,0
"168","404BA0084","Moderate",NA,NA,NA,NA,NA,-28,-1.4156,0.2,NA,-74,0,NA,NA,NA,NA,NA
"169","404BA0084","Wet",-53,NA,-0.124,NA,NA,NA,NA,NA,-6,NA,NA,0.0971,NA,NA,NA,NA
"170","404BA0084","Dry",NA,-59,NA,NA,-2,NA,NA,NA,NA,NA,NA,NA,NA,NA,NA,NA
"171","404BA0084",NA,NA,NA,NA,-0.3969,NA,NA,NA,NA,NA,NA,NA,NA,0.0033,NA,NA,NA
"172","404BA0376","Moderate",-53,-58,NA,NA,NA,NA,NA,0.2,-12,-62,NA,NA,NA,NA,NA,NA
"173","404BA0376","Wet",NA,NA,NA,NA,-9,NA,NA,NA,NA,NA,0,NA,NA,NA,NA,NA
"174","404BA0376","Dry",NA,NA,NA,-0.7978,NA,NA,NA,NA,NA,NA,NA,0.3233,NA,NA,NA,NA
"175","404BA0376",NA,NA,NA,0.2305,NA,NA,4,-0.245,NA,NA,NA,NA,NA,0.1278,NA,NA,NA
"176","404BA0526","Moderate",NA,NA,NA,NA,0,NA,NA,NA,NA,-61,0,NA,NA,NA,NA,NA
"177","404BA0526",NA,NA,NA,0.2107,-0.7555,NA,NA,NA,NA,NA,NA,NA,0.3633,0.0158,NA,NA,NA
"178","404BA0526","Wet",-53,NA,NA,NA,NA,-18,-0.4583,NA,NA,NA,NA,NA,NA,NA,NA,NA
"179","404BA0526","Dry",NA,-59,NA,NA,NA,NA,NA,0.2,-2,NA,NA,NA,NA,NA,NA,NA
"180","404BA0616","Moderate",NA,27,NA,NA,NA,NA,NA,NA,NA,-2,0,0.1,NA,NA,NA,NA
"181","404BA0616","Wet",-2,NA,0,-0.0298,-29,-25,-0.832,NA,NA,NA,NA,NA,0,NA,NA,NA
"182","404BA0616","Dry",NA,NA,NA,NA,NA,NA,NA,1.5,-4,NA,NA,NA,NA,NA,NA,NA
"183","404BA0852","Wet",-53,NA,NA,NA,NA,NA,NA,NA,NA,-61,NA,NA,NA,NA,NA,NA
"184","404BA0852","Dry",NA,NA,NA,NA,-2,-29,NA,NA,-8,NA,0,NA,NA,NA,NA,NA
"185","404BA0852",NA,NA,-3,0.231,-0.6233,NA,NA,NA,NA,NA,NA,NA,0.3558,0.0921,NA,NA,NA
"186","404BA0852","Moderate",NA,NA,NA,NA,NA,NA,-2.0443,0.2,NA,NA,NA,NA,NA,NA,NA,NA
"187","404BA0964","Moderate",NA,NA,NA,NA,NA,NA,NA,NA,NA,-61,NA,NA,NA,NA,NA,NA
"188","404BA0964","Dry",NA,NA,NA,NA,-2,NA,-2.0698,NA,NA,NA,0,NA,NA,NA,NA,NA
"189","404BA0964",NA,NA,NA,0.2157,-0.7014,NA,NA,NA,NA,NA,NA,NA,0.3519,0.0465,NA,NA,NA
"190","404BA0964","Wet",-53,-56,NA,NA,NA,-22,NA,0.2,-8,NA,NA,NA,NA,NA,NA,NA
"191","404BA1144","Dry",NA,-57,NA,NA,NA,NA,NA,NA,NA,-62,NA,NA,NA,NA,NA,NA
"192","404BA1144","Moderate",-53,NA,NA,NA,-2,-6,-2.07,NA,NA,NA,-0.002,NA,NA,NA,NA,NA
"193","404BA1144",NA,NA,NA,0.4087,-0.77,NA,NA,NA,NA,NA,NA,NA,0.3755,0.0791,NA,NA,NA
"194","404BA1144","Wet",NA,NA,NA,NA,NA,NA,NA,-0.1241,-10,NA,NA,NA,NA,NA,NA,NA
"195","404CE0316",NA,NA,-50,644.62095,NA,43.5,93.5,-0.07885,-61.0971,-56,-50.5,0.66075,-0.39,974.34975,-1.5,832.4032,-35
"196","404CE0316","Moderate",-88,NA,NA,NA,NA,NA,NA,NA,NA,NA,NA,NA,NA,NA,NA,NA
"197","404CE0316","Wet",NA,NA,NA,0,NA,NA,NA,NA,NA,NA,NA,NA,NA,NA,NA,NA
"198","404S00808",NA,NA,NA,14.3748,-0.1993,23,50,NA,-0.6989,NA,-33,NA,-0.06345,26.4641,NA,NA,NA
"199","404S00808","Dry",NA,NA,NA,NA,NA,NA,NA,NA,NA,NA,0,NA,NA,NA,NA,NA
"200","404S00808","Moderate",-50,-82,NA,NA,NA,NA,NA,NA,-77,NA,NA,NA,NA,NA,NA,NA
"201","404S00808","Wet",NA,NA,NA,NA,NA,NA,-2.76,NA,NA,NA,NA,NA,NA,NA,NA,NA
"202","404S01128","Wet",-52,NA,NA,NA,NA,NA,NA,NA,NA,-94,NA,NA,NA,NA,NA,NA
"203","404S01128","Moderate",NA,-80,NA,NA,NA,NA,NA,NA,NA,NA,0,NA,NA,NA,NA,NA
"204","404S01128",NA,NA,NA,2.2892,-0.6276,NA,25,-2.0457,NA,-10,NA,NA,0.2117,12.3471,NA,NA,NA
"205","404S01128","Dry",NA,NA,NA,NA,-2,NA,NA,-0.7,NA,NA,NA,NA,NA,NA,NA,NA
"206","404S02920",NA,NA,-16,-1.921,-0.46975,25.5,36.5,NA,-0.1877,NA,-13,NA,0.369,0.9987,NA,NA,NA
"207","404S02920","Wet",NA,NA,NA,NA,NA,NA,-2.2489,NA,-38,NA,0,NA,NA,NA,NA,NA
"208","404S02920","Moderate",-3,NA,NA,NA,NA,NA,NA,NA,NA,NA,NA,NA,NA,NA,NA,NA
"209","404S03048","Wet",NA,NA,NA,NA,-1,NA,-2.07,0.2,NA,-75,NA,NA,NA,NA,NA,NA
"210","404S03048","Moderate",-1,NA,NA,NA,NA,NA,NA,NA,-33,NA,0,NA,NA,NA,NA,NA
"211","404S03048",NA,NA,NA,0.2047,-0.6394,NA,13,NA,NA,NA,NA,NA,0.2275,0.3188,NA,NA,NA
"212","404S03048","Dry",NA,-57,NA,NA,NA,NA,NA,NA,NA,NA,NA,NA,NA,NA,NA,NA
"213","404S06456","Dry",NA,NA,NA,NA,-2,NA,NA,NA,NA,-83,0,NA,NA,NA,NA,NA
"214","404S06456",NA,NA,NA,0.3828,-0.3474,NA,NA,-0.027,-0.693,NA,NA,NA,0.4033,1.5087,NA,NA,NA
"215","404S06456","Moderate",-53,-74,NA,NA,NA,-6,NA,NA,-36,NA,NA,NA,NA,NA,NA,NA
"216","404S08040",NA,-0.5,-21.5,2.43995,-0.2345,22,33.5,-2.04925,0.09475,-17.5,-15,NA,NA,13.90165,NA,NA,NA
"217","404S08040","Wet",NA,NA,NA,NA,NA,NA,NA,NA,NA,NA,0,NA,NA,NA,NA,NA
"218","404S08040","Moderate",NA,NA,NA,NA,NA,NA,NA,NA,NA,NA,NA,-0.34,NA,NA,NA,NA
"219","404S08616",NA,-43,-52,15.1368,NA,NA,21,NA,NA,-10,16,NA,NA,16.5586,NA,NA,NA
"220","404S08616","Wet",NA,NA,NA,NA,NA,NA,-0.37,NA,NA,NA,0.06,-0.4,NA,NA,NA,NA
"221","404S08616","Moderate",NA,NA,NA,-0.016,-15,NA,NA,0.0075,NA,NA,NA,NA,NA,NA,NA,NA
"222","404S08846","Wet",-8,-60,-3.941,NA,NA,NA,NA,NA,NA,-76,NA,NA,NA,NA,NA,NA
"223","404S08846","Dry",NA,NA,NA,NA,-2,NA,NA,NA,NA,NA,0,NA,NA,NA,NA,NA
"224","404S08846",NA,NA,NA,NA,-0.2762,NA,28,-1.955,-0.6707,NA,NA,NA,0.3643,1.6431,NA,NA,NA
"225","404S08846","Moderate",NA,NA,NA,NA,NA,NA,NA,NA,-33,NA,NA,NA,NA,NA,NA,NA
"226","404S11880",NA,1.5,NA,5.31135,-0.0341,NA,33,-1.84465,-0.6371,-13,-29,NA,0.3393,8.6267,NA,NA,NA
"227","404S11880","Moderate",NA,NA,NA,NA,NA,NA,NA,NA,NA,NA,0,NA,NA,NA,NA,NA
"228","404S11880","Dry",NA,-60,NA,NA,-2,NA,NA,NA,NA,NA,NA,NA,NA,NA,NA,NA
"229","404S13416","Moderate",-72,NA,NA,NA,NA,NA,NA,NA,NA,-77,NA,NA,NA,NA,NA,NA
"230","404S13416","Dry",NA,NA,NA,NA,NA,NA,NA,-0.7,NA,NA,0,NA,NA,NA,NA,NA
"231","404S13416",NA,NA,-26,2.4229,-0.5902,9,29,-2.0465,NA,-12,NA,NA,0.3469,14.0055,NA,NA,NA
"232","404S14952","Moderate",-66,NA,NA,NA,-8,NA,NA,NA,-38,-81,0,NA,NA,NA,NA,NA
"233","404S14952",NA,NA,-21,0.2674,-0.4061,NA,24,-1.7744,0.186,NA,NA,NA,0.2737,4.6259,NA,NA,NA
"234","404S16516",NA,NA,-31,18.354,NA,32,45,3.5572,3.4825,-20,-21,0.0465,0.4373,33.4522,7,15.2758,-19.5
"235","404S16516","Moderate",-33,NA,NA,NA,NA,NA,NA,NA,NA,NA,NA,NA,NA,NA,NA,NA
"236","404S16516","Wet",NA,NA,NA,0,NA,NA,NA,NA,NA,NA,NA,NA,NA,NA,NA,NA
"237","404S17266","Moderate",-43,NA,NA,NA,NA,NA,NA,NA,NA,-81,0,NA,NA,NA,NA,NA
"238","404S17266",NA,NA,-21,1.514,-0.6295,NA,NA,-2.046,NA,-10,NA,NA,0.2125,11.8982,NA,NA,NA
"239","404S17266","Dry",NA,NA,NA,NA,-2,NA,NA,-0.7,NA,NA,NA,NA,NA,NA,NA,NA
"240","404S17266","Wet",NA,NA,NA,NA,NA,0,NA,NA,NA,NA,NA,NA,NA,NA,NA,NA
"241","404S17664","Dry",NA,NA,NA,NA,NA,NA,NA,NA,NA,-88,NA,NA,NA,NA,NA,NA
"242","404S17664","Wet",NA,NA,NA,NA,-2,NA,NA,NA,-43,NA,0,NA,NA,NA,NA,NA
"243","404S17664",NA,NA,NA,0.5821,-0.5675,NA,30,-1.1073,-0.5978,NA,NA,NA,0.2022,3.3964,NA,NA,NA
"244","404S17664","Moderate",-64,-74,NA,NA,NA,NA,NA,NA,NA,NA,NA,NA,NA,NA,NA,NA
"245","404S22464","Moderate",NA,NA,NA,NA,NA,NA,NA,NA,NA,-91,NA,NA,NA,NA,NA,NA
"246","404S22464","Dry",NA,NA,NA,NA,NA,NA,NA,NA,NA,NA,0,NA,NA,NA,NA,NA
"247","404S22464",NA,-2.5,-12.5,0.5125,-0.51935,14.5,24,-0.9138,0.16565,NA,NA,NA,0.2254,9.5346,NA,NA,NA
"248","404S22464","Wet",NA,NA,NA,NA,NA,NA,NA,NA,-53,NA,NA,NA,NA,NA,NA,NA
"249","404S25668","Moderate",-71,NA,NA,NA,-1,NA,NA,NA,NA,-81,NA,NA,NA,NA,NA,NA
"250","404S25668","Dry",NA,NA,NA,NA,NA,NA,NA,NA,-47,NA,0,NA,NA,NA,NA,NA
"251","404S25668",NA,NA,-18,0.6388,-0.4588,NA,23,-2.028,NA,NA,NA,NA,0.3526,10.1587,NA,NA,NA
"252","404S25668","Wet",NA,NA,NA,NA,NA,NA,NA,-0.7,NA,NA,NA,NA,NA,NA,NA,NA
"253","404S26868",NA,NA,NA,1.4685,-0.59155,NA,27,0.02,0.02,NA,-23,5e-04,0.2431,9.68,NA,NA,NA
"254","404S26868","Moderate",-67,-76,NA,NA,NA,NA,NA,NA,NA,NA,NA,NA,NA,NA,NA,NA
"255","404S26868","Wet",NA,NA,NA,NA,0,NA,NA,NA,NA,NA,NA,NA,NA,NA,NA,NA
"256","404S26868","Dry",NA,NA,NA,NA,NA,NA,NA,NA,-56,NA,NA,NA,NA,NA,NA,NA
"257","404S28068",NA,NA,-19,0.2699,-0.3978,NA,28,NA,-0.1541,-7,-19,NA,0.194,4.1204,NA,NA,NA
"258","404S28068","Wet",NA,NA,NA,NA,NA,NA,-2.35,NA,NA,NA,0,NA,NA,NA,NA,NA
"259","404S28068","Moderate",-61,NA,NA,NA,-8,NA,NA,NA,NA,NA,NA,NA,NA,NA,NA,NA
"260","404S28270",NA,-4,-34.5,2.9561,NA,35.5,76.5,NA,-1.2917,-30.5,-59.5,0.0155,0.0386,27.6262,7,14.05265,-19
"261","404S28270","Wet",NA,NA,NA,0,NA,NA,0,NA,NA,NA,NA,NA,NA,NA,NA,NA
"262","404S32468",NA,-6.5,-29,28.28915,-0.40765,16,42.5,-2.035,-0.6734,-33.5,-45,NA,-0.1327,58.4725,NA,NA,NA
"263","404S32468","Wet",NA,NA,NA,NA,NA,NA,NA,NA,NA,NA,0,NA,NA,NA,NA,NA
"264","404S34120",NA,-7.5,-50,2.29055,NA,39.5,79.5,NA,-0.11225,-37,-30,0.0035,0.0249,5.1779,-6,-1.8577,-28
"265","404S34120","Wet",NA,NA,NA,0,NA,NA,NA,NA,NA,NA,NA,NA,NA,NA,NA,NA
"266","404S34120","Moderate",NA,NA,NA,NA,NA,NA,0,NA,NA,NA,NA,NA,NA,NA,NA,NA
"267","404S35270","Dry",NA,NA,NA,NA,NA,NA,NA,NA,NA,-91,NA,NA,NA,NA,NA,NA
"268","404S35270","Wet",NA,NA,NA,NA,NA,NA,NA,NA,NA,NA,0,NA,NA,NA,NA,NA
"269","404S35270",NA,NA,NA,0.41335,-0.39305,14.5,25.5,-0.92,-0.01505,-13,NA,NA,0.2123,8.0125,NA,NA,NA
"270","404S35270","Moderate",-71,-77,NA,NA,NA,NA,NA,NA,NA,NA,NA,NA,NA,NA,NA,NA
"271","404S45622","Moderate",-53,-56,NA,NA,NA,-6,NA,NA,NA,-104,NA,NA,NA,NA,NA,NA
"272","404S45622","Dry",NA,NA,NA,NA,NA,NA,NA,NA,NA,NA,0,NA,NA,NA,NA,NA
"273","404S45622",NA,NA,NA,0.3639,-0.3426,NA,NA,NA,-0.4867,-4,NA,NA,0.3829,1.5595,NA,NA,NA
"274","404S45622","Wet",NA,NA,NA,NA,-1,NA,-3.4373,NA,NA,NA,NA,NA,NA,NA,NA,NA
"275","405CE0280","Moderate",NA,NA,0,0,0,NA,NA,NA,0,NA,NA,NA,NA,NA,NA,NA
"276","405CE0280","Dry",0,NA,NA,NA,NA,NA,NA,NA,NA,0,NA,NA,NA,NA,NA,NA
"277","405CE0280",NA,NA,NA,NA,NA,NA,NA,NA,-0.0013,NA,NA,-0.00085,-9e-04,-5e-04,NA,NA,NA
"278","405CE0280","Wet",NA,0,NA,NA,NA,0,-0.0013,NA,NA,NA,NA,NA,NA,NA,NA,NA
"279","405PS0030","Wet",0,0,NA,0,0,0,NA,NA,0,NA,NA,NA,NA,NA,NA,NA
"280","405PS0030",NA,NA,NA,-0.2049,NA,NA,NA,-0.0195,-0.0236,NA,0,-0.0045,-0.0061,0.6749,NA,NA,NA
"281","405WE0777","Wet",2,NA,NA,NA,NA,NA,NA,NA,NA,-6,0.01,NA,NA,NA,NA,NA
"282","405WE0777","Moderate",NA,NA,NA,NA,NA,NA,NA,NA,NA,NA,NA,0,NA,NA,NA,NA
"283","405WE0777",NA,NA,0.5,0.04375,0.0112,NA,2.5,0.00875,NA,NA,NA,NA,NA,0.0378,-1,0.1768,0
"284","405WE0777","Dry",NA,NA,NA,NA,0,NA,NA,0,0,NA,NA,NA,NA,NA,NA,NA
"285","407CE0092",NA,NA,-38,0.1098,-0.2602,64,NA,NA,NA,NA,-46,NA,NA,0.0529,NA,NA,NA
"286","407CE0092","Wet",NA,NA,NA,NA,NA,NA,NA,0,-32,NA,-0.202,-0.1,NA,NA,NA,NA
"287","407CE0092","Moderate",-16,NA,NA,NA,NA,4,NA,NA,NA,NA,NA,NA,NA,NA,NA,NA
"288","407CE0092","Dry",NA,NA,NA,NA,NA,NA,-0.1,NA,NA,NA,NA,NA,NA,NA,NA,NA
"289","407CE0668",NA,NA,-38,0.1098,-0.2602,64,NA,NA,NA,NA,-46,NA,NA,0.0529,NA,NA,NA
"290","407CE0668","Wet",NA,NA,NA,NA,NA,NA,NA,0,-32,NA,-0.202,-0.1,NA,NA,NA,NA
"291","407CE0668","Moderate",-16,NA,NA,NA,NA,4,NA,NA,NA,NA,NA,NA,NA,NA,NA,NA
"292","407CE0668","Dry",NA,NA,NA,NA,NA,NA,-0.1,NA,NA,NA,NA,NA,NA,NA,NA,NA
"293","408BA0660",NA,-137,-79,100.0963,-1e-04,142,-10,-22.9055,-3.08475,NA,173.5,-0.0895,-0.1401,226.0838,NA,NA,NA
"294","408BA0660","Moderate",NA,NA,NA,NA,NA,NA,NA,NA,-157,NA,NA,NA,NA,NA,NA,NA
"295","408BA0836",NA,-117,-52.5,168.658,0,152,-29,-14.0646,-6.7133,28,168,-0.3456,-0.2164,239.198,NA,NA,NA
"296","408BA0916",NA,-137.5,-57.5,118.4062,0,142,-27,-14.2659,-6.06575,3,172.5,-0.2416,-0.2881,181.37145,NA,NA,NA
"297","408CAL012",NA,NA,NA,45.6026,-0.0337,NA,19,-0.0417,0.2187,-9,-1,-0.1675,-0.2361,64.8292,NA,NA,NA
"298","408CAL012","Moderate",-190,NA,NA,NA,NA,NA,NA,NA,NA,NA,NA,NA,NA,NA,NA,NA
"299","408CAL012","Wet",NA,0,NA,NA,-1,NA,NA,NA,NA,NA,NA,NA,NA,NA,NA,NA
"300","408PS0032",NA,-127,-80,328.6702,-1e-04,148.5,-11.5,-41.96115,-4.93565,23,166,-0.5856,-0.3164,432.1111,NA,NA,NA
"301","408WE0547",NA,-90,-212,-42.71815,0,116,125,-0.001,0,-82,NA,NA,NA,62.5242,NA,NA,NA
"302","408WE0654",NA,-160,-99.5,28.3624,NA,0,13,NA,0.3799,-21.5,NA,NA,NA,26.5144,NA,NA,NA
"303","408WE0654","Wet",NA,NA,NA,0,NA,NA,0,NA,NA,NA,NA,NA,NA,NA,NA,NA
"304","408WE1039","Moderate",-39,-40,0,NA,NA,NA,0,NA,NA,38,NA,NA,NA,1,NA,2
"305","408WE1039","Wet",NA,NA,NA,0,-1,-1,NA,1.4887,0,NA,0.0996,NA,0,NA,NA,NA
"306","408WE1039","Dry",NA,NA,NA,NA,NA,NA,NA,NA,NA,NA,NA,0,NA,NA,NA,NA
"307","408WE1039",NA,NA,NA,NA,NA,NA,NA,NA,NA,NA,NA,NA,NA,NA,NA,0.04375,NA
"308","410CE0284","Wet",NA,NA,NA,NA,NA,NA,NA,NA,NA,-95,NA,NA,NA,NA,NA,NA
"309","410CE0284",NA,29.5,-3,47.35265,-0.0618,29,62,-0.2114,-0.4382,NA,NA,-0.2633,-0.3809,63.9009,NA,NA,NA
"310","410CE0284","Moderate",NA,NA,NA,NA,NA,NA,NA,NA,-84,NA,NA,NA,NA,NA,NA,NA
"311","412CE0104",NA,30.5,NA,1041.7558,-0.0262,NA,15,-10.4911,-49.0606,NA,-7,-8.7052,-15.3851,1368.2699,0,-2271.4617,-9
"312","412CE0104","Moderate",NA,-177,NA,NA,-1,NA,NA,NA,NA,NA,NA,NA,NA,NA,NA,NA
"313","412CE0104","Wet",NA,NA,NA,NA,NA,NA,NA,NA,-94,NA,NA,NA,NA,NA,NA,NA
"314","412CE0616","Wet",NA,NA,NA,NA,0,NA,NA,NA,NA,-148,NA,NA,NA,NA,NA,NA
"315","412CE0616",NA,NA,NA,525.2162,-0.01825,NA,41,-5.1455,-20.8965,-7,NA,-5.8708,-10.4605,1188.5554,0,3555.4137,-1
"316","412CE0616","Dry",-149,-54,NA,NA,NA,NA,NA,NA,NA,NA,NA,NA,NA,NA,NA,NA
"317","412CE0732","Moderate",NA,-20,NA,NA,NA,NA,NA,NA,-88,-243,NA,NA,NA,NA,NA,NA
"318","412CE0732",NA,NA,NA,791.77265,-0.0147,14.5,12,-6.6289,-18.1355,NA,NA,-7.4427,-8.7561,918.2787,0,-938.4751,-26
"319","412CE0732","Dry",-170,NA,NA,NA,NA,NA,NA,NA,NA,NA,NA,NA,NA,NA,NA,NA
"320","412WE0552","Moderate",NA,NA,NA,NA,NA,NA,NA,NA,0,-34,NA,NA,NA,NA,NA,NA
"321","412WE0552","Wet",-2,NA,NA,NA,NA,NA,NA,NA,NA,NA,0.01,0,NA,NA,NA,NA
"322","412WE0552","Dry",NA,-43,NA,NA,0,-10,NA,0,NA,NA,NA,NA,NA,NA,NA,NA
"323","412WE0552",NA,NA,NA,0.7125,0.0084,NA,NA,0.12,NA,NA,NA,NA,NA,0.06845,-6,0.331,0
"324","412WE0563","Wet",-8,-10,NA,0,0,-2,0,NA,0,-1,0,NA,NA,NA,NA,NA
"325","412WE0563","Dry",NA,NA,NA,NA,NA,NA,NA,NA,NA,NA,NA,0,0,NA,NA,NA
"326","412WE0563","Moderate",NA,NA,0,NA,NA,NA,NA,0,NA,NA,NA,NA,NA,NA,NA,NA
"327","481S05856",NA,0,0,-0.0853,0,0,0,-0.0225,-0.0447,0,NA,NA,NA,0.3413,NA,NA,NA
"328","722PS0535","Wet",NA,NA,NA,NA,NA,NA,NA,NA,NA,0,NA,NA,NA,NA,NA,NA
"329","722PS0535","Moderate",0,NA,NA,NA,0,NA,NA,NA,0,NA,0,0,NA,NA,NA,NA
"330","722PS0535","Dry",NA,NA,0,NA,NA,NA,NA,NA,NA,NA,NA,NA,0,NA,NA,NA
"331","722PS0611","Wet",0,0,NA,0,0,NA,NA,NA,NA,NA,NA,NA,NA,NA,NA,NA
"332","722PS0611",NA,NA,NA,1.198,NA,NA,3,1.34495,-3.43,-3,-6,2.6766,-0.004,1.3953,NA,NA,NA
"333","801CE0152","Dry",NA,NA,NA,NA,NA,NA,NA,NA,NA,-4,NA,NA,NA,NA,NA,NA
"334","801CE0152",NA,NA,NA,0.052,NA,NA,-1,-0.0051,0.0495,0,NA,-0.0037,-0.0022,0.0466,NA,NA,NA
"335","801CE0152","Wet",-2,NA,NA,NA,-1,NA,NA,NA,NA,NA,NA,NA,NA,NA,NA,NA
"336","801CE0152","Moderate",NA,-2,NA,0,NA,NA,NA,NA,NA,NA,NA,NA,NA,NA,NA,NA
"337","801LYC271","Wet",0,0,NA,-2e-04,NA,NA,NA,NA,NA,-2,NA,NA,NA,NA,NA,NA
"338","801LYC271",NA,NA,NA,-0.1246,NA,NA,2,-0.6121,-0.0361,-2,NA,0.00815,-0.00915,1.0455,NA,NA,NA
"339","801LYC271","Moderate",NA,NA,NA,NA,0,NA,NA,NA,NA,NA,NA,NA,NA,NA,NA,NA
"340","801MIC042",NA,-95.5,-120,85.237,-1e-04,116,-5.5,-1.19385,-1.27305,27,160,-0.7472,-0.5193,175.2174,NA,NA,NA
"341","801RB8501","Moderate",NA,-50,0,NA,NA,NA,NA,0,NA,0,0.1,0.1,NA,NA,NA,NA
"342","801RB8501","Wet",0,NA,NA,0,NA,NA,0,NA,NA,NA,NA,NA,NA,NA,NA,NA
"343","801RB8501","Dry",NA,NA,NA,NA,0,-2,NA,NA,1,NA,NA,NA,0,NA,NA,NA
"344","801S08727","Moderate",12,NA,0,NA,0,-1,0,0,NA,1,NA,NA,NA,NA,NA,NA
"345","801S08727","Dry",NA,NA,NA,-0.02,NA,NA,NA,NA,1,NA,0.1,NA,0,NA,NA,NA
"346","801S08727","Wet",NA,12,NA,NA,NA,NA,NA,NA,NA,NA,NA,0.1,NA,NA,NA,NA
"347","801WE0550","Dry",0,0,NA,NA,0,0,NA,NA,0,0,NA,NA,NA,NA,NA,NA
"348","801WE0550",NA,NA,NA,NA,NA,NA,NA,-0.0459,-0.0485,NA,NA,-0.0324,-0.04685,0.4347,-16,1.34305,NA
"349","801WE0550","Wet",NA,NA,-0.5431,0,NA,NA,NA,NA,NA,NA,NA,NA,NA,NA,NA,0
"350","801WE0669",NA,NA,NA,29.9225,-0.0152,NA,16,-0.23,NA,NA,-27,NA,0.0419,34.5351,NA,NA,NA
"351","801WE0669","Wet",NA,NA,NA,NA,NA,NA,NA,-9.509,NA,NA,0,NA,NA,NA,NA,NA
"352","801WE0669","Dry",-57,-61,NA,NA,NA,NA,NA,NA,NA,NA,NA,NA,NA,NA,NA,NA
"353","801WE0669","Moderate",NA,NA,NA,NA,0,NA,NA,NA,-88,NA,NA,NA,NA,NA,NA,NA
"354","801WE0674","Dry",-7,-4,0,0,0,-2,NA,0,-1,-4,0,NA,0,NA,NA,NA
"355","801WE0674",NA,NA,NA,NA,NA,NA,NA,NA,NA,NA,NA,NA,-6e-04,NA,NA,NA,NA
"356","801WE0674","Moderate",NA,NA,NA,NA,NA,NA,0,NA,NA,NA,NA,NA,NA,NA,NA,NA
"357","801WE0989",NA,-27.5,-26.5,666.54615,0.0728,0,17.5,-2.1,-2.1,-19.5,-64,-0.0044,0.1,1266.49665,NA,NA,NA
"358","801WE1008","Dry",12,12,NA,-0.02,0,-2,0,0,2,2,NA,NA,NA,NA,NA,NA
"359","801WE1008","Moderate",NA,NA,0,NA,NA,NA,NA,NA,NA,NA,0.1,0.1,0,NA,NA,NA
"360","801WE1013","Wet",NA,NA,NA,NA,NA,NA,NA,NA,NA,-1,NA,NA,NA,NA,NA,NA
"361","801WE1013",NA,NA,NA,-0.02515,NA,NA,NA,0.0197,0.1708,NA,NA,-0.0121,-0.0107,0.0415,NA,NA,NA
"362","801WE1013","Dry",0,NA,NA,0,0,NA,NA,NA,0,NA,NA,NA,NA,NA,NA,NA
"363","801WE1013","Moderate",NA,-1,NA,NA,NA,-5,NA,NA,NA,NA,NA,NA,NA,NA,NA,NA
"364","801WE1020","Dry",NA,NA,NA,NA,NA,NA,NA,NA,NA,0,0,0,NA,NA,NA,NA
"365","801WE1020","Wet",0,0,NA,0,NA,0,0,0,NA,NA,NA,NA,NA,NA,NA,NA
"366","801WE1020","Moderate",NA,NA,0,NA,0,NA,NA,NA,0,NA,NA,NA,-1e-04,NA,NA,NA
"367","801WE1032",NA,60,60.5,4280.74835,0.07385,-0.5,5,8.71615,482.98435,-5.5,NA,NA,NA,531.3732,NA,NA,NA
"368","801WE1043","Wet",NA,NA,NA,NA,-1,-5,NA,NA,NA,-5,NA,NA,NA,NA,NA,NA
"369","801WE1043",NA,NA,NA,0.1621,NA,NA,NA,-0.0153,-0.034,NA,NA,-0.0299,-0.0323,0.20305,-1,5.4104,-1
"370","801WE1043","Dry",0,0,NA,0,NA,NA,NA,NA,NA,NA,NA,NA,NA,NA,NA,NA
"371","801WE1043","Moderate",NA,NA,NA,NA,NA,NA,NA,NA,-5,NA,NA,NA,NA,NA,NA,NA
"372","801WE1127",NA,NA,NA,0.3914,NA,NA,NA,0.0013,0.0325,NA,0.5,-0.01345,-0.00255,0.1606,2.5,-8.5146,-19
"373","801WE1127","Wet",-45,NA,NA,0,-1,-3,NA,NA,NA,NA,NA,NA,NA,NA,NA,NA
"374","801WE1127","Moderate",NA,-7,NA,NA,NA,NA,NA,NA,-6,NA,NA,NA,NA,NA,NA,NA
"375","801WE1132","Moderate",NA,NA,NA,NA,NA,NA,NA,NA,0,-2,0,NA,NA,NA,NA,NA
"376","801WE1132","Wet",NA,NA,NA,NA,NA,NA,0,0,NA,NA,NA,0,NA,NA,NA,NA
"377","801WE1132","Dry",-47,-47,NA,NA,0,0,NA,NA,NA,NA,NA,NA,NA,NA,NA,NA
"378","801WE1132",NA,NA,NA,0.0016,-2e-04,NA,NA,NA,NA,NA,NA,NA,NA,0.0011,NA,NA,NA
"379","802SJR116",NA,-85.5,NA,494.9747,NA,62,NA,33.5251,-5.9561,NA,155,1.6943,4.081,720.7063,NA,NA,NA
"380","802SJR116","Wet",NA,-38,NA,0,NA,2,NA,NA,-23,NA,NA,NA,NA,NA,NA,NA
"381","802WE0539","Dry",-1,NA,NA,NA,0,NA,NA,NA,NA,-1,NA,NA,NA,NA,NA,NA
"382","802WE0539",NA,NA,NA,-0.0034,NA,NA,NA,-0.00205,NA,NA,NA,6e-04,-0.0018,-0.00315,NA,0.11045,NA
"383","802WE0539","Moderate",NA,0,NA,0,NA,-2,NA,NA,-1,NA,NA,NA,NA,NA,NA,0
"384","802WE0539","Wet",NA,NA,NA,NA,NA,NA,NA,-0.2222,NA,NA,NA,NA,NA,0,NA,NA
"385","802WE0658","Wet",NA,-1,NA,NA,0,NA,NA,NA,NA,-1,NA,NA,NA,NA,NA,NA
"386","802WE0658",NA,NA,NA,-0.0031,NA,NA,NA,-0.00405,-0.0076,NA,NA,-3e-04,0.0044,0.01345,2,0.5033,NA
"387","802WE0658","Moderate",0,NA,NA,0,NA,NA,NA,NA,-1,NA,NA,NA,NA,NA,NA,0
"388","802WE0658","Dry",NA,NA,NA,NA,NA,-2,NA,NA,NA,NA,NA,NA,NA,NA,NA,NA
"389","802WE0794","Wet",0,0,NA,0,NA,-1,0,NA,NA,0,NA,NA,NA,NA,NA,NA
"390","802WE0794","Dry",NA,NA,0,NA,0,NA,NA,NA,0,NA,0,0,0,NA,NA,NA
"391","802WE0794",NA,NA,NA,NA,NA,NA,NA,NA,2e-04,NA,NA,NA,NA,NA,NA,NA,NA
"392","901DCCSMC","Wet",0,0,NA,0,-1,-1,NA,NA,0,NA,NA,NA,NA,NA,NA,NA
"393","901DCCSMC",NA,NA,NA,0.313,NA,NA,NA,9e-04,-0.1042,NA,0,-0.0066,0.0156,-0.6394,NA,NA,NA
"394","901S00313","Dry",NA,26,0,NA,NA,NA,NA,NA,NA,-9,NA,NA,0,NA,NA,NA
"395","901S00313","Moderate",NA,NA,NA,NA,NA,NA,NA,1.5,-4,NA,0,0.01,NA,NA,NA,NA
"396","901S00313","Wet",-2,NA,NA,-0.0298,-29,-25,-0.832,NA,NA,NA,NA,NA,NA,0,NA,0
"397","901S00313",NA,NA,NA,NA,NA,NA,NA,NA,NA,NA,NA,NA,NA,NA,NA,0.2256,NA
"398","901S00997",NA,6.5,-71.5,2.4422,NA,80,112.5,5e-04,-0.3848,-25.5,-39,0.003,-0.0198,20.5671,NA,NA,NA
"399","901S00997","Wet",NA,NA,NA,0,NA,NA,NA,NA,NA,NA,NA,NA,NA,NA,NA,NA
"400","901S01705","Wet",0,NA,NA,0,0,NA,NA,-2e-04,0,0,NA,NA,NA,NA,NA,NA
"401","901S01705",NA,NA,NA,-0.0014,NA,NA,NA,NA,NA,NA,NA,-1e-04,-2e-04,-2e-04,NA,NA,NA
"402","901S01705","Moderate",NA,0,NA,NA,NA,0,0,NA,NA,NA,NA,NA,NA,NA,NA,NA
"403","901S01811",NA,NA,-32,31.5052,NA,34,70,NA,-4.6494,-25,-64,0.034,0.2207,113.0292,2,9.9151,-47
"404","901S01811","Moderate",-38,NA,NA,0,NA,NA,NA,NA,NA,NA,NA,NA,NA,NA,NA,NA
"405","901S01811","Wet",NA,NA,NA,NA,NA,NA,-5.7655,NA,NA,NA,NA,NA,NA,NA,NA,NA
"406","901S01849","Wet",NA,NA,0,NA,NA,NA,NA,NA,NA,-2,NA,0.1,0,NA,NA,NA
"407","901S01849","Moderate",NA,27,NA,-0.0298,-29,-25,-0.832,NA,NA,NA,0,NA,NA,NA,NA,NA
"408","901S01849","Dry",-2,NA,NA,NA,NA,NA,NA,1.5,-4,NA,NA,NA,NA,NA,NA,NA
"409","901S04409","Dry",NA,NA,0,NA,NA,NA,NA,NA,NA,-9,NA,0.01,0,NA,NA,NA
"410","901S04409","Wet",NA,27,NA,-0.0298,-29,-25,-0.832,NA,NA,NA,0,NA,NA,0,NA,NA
"411","901S04409","Moderate",-2,NA,NA,NA,NA,NA,NA,1.5,-4,NA,NA,NA,NA,NA,NA,NA
"412","901S04409",NA,NA,NA,NA,NA,NA,NA,NA,NA,NA,NA,NA,NA,NA,NA,0.20175,-0.5
"413","901S06851",NA,20,-34,20.2725,NA,44,108,NA,-1.2599,-53,-78.5,0.01145,-0.1633,71.9182,NA,NA,NA
"414","901S06851","Moderate",NA,NA,NA,0,NA,NA,-0.0134,NA,NA,NA,NA,NA,NA,NA,NA,NA
"415","901S06969","Wet",-2,NA,NA,NA,NA,NA,NA,NA,NA,-2,NA,0.1,0,NA,NA,NA
"416","901S06969","Moderate",NA,27,0,-0.0298,-29,-25,-0.832,NA,NA,NA,0,NA,NA,NA,NA,NA
"417","901S06969","Dry",NA,NA,NA,NA,NA,NA,NA,1.5,-4,NA,NA,NA,NA,NA,NA,NA
"418","901SJC74x",NA,NA,NA,44.7971,NA,147.5,NA,NA,NA,NA,NA,NA,NA,NA,NA,NA,NA
"419","902S01097",NA,-1,NA,4.2792,NA,NA,NA,-0.006,-0.0285,NA,-1,-0.0044,-0.0059,3.5022,NA,NA,NA
"420","902S01097","Wet",NA,-21,NA,0,0,0,NA,NA,-14,NA,NA,NA,NA,NA,NA,NA
"421","903M20235",NA,NA,NA,0.883,NA,NA,0.5,-0.20395,-1.6652,-1,-4,-0.01895,0.22895,-0.1056,NA,NA,NA
"422","903M20235","Moderate",0,NA,NA,0,0,NA,NA,NA,NA,NA,NA,NA,NA,NA,NA,NA
"423","903M20235","Wet",NA,-1,NA,NA,NA,NA,NA,NA,NA,NA,NA,NA,NA,NA,NA,NA
"424","903WE0798","Wet",NA,NA,NA,0,0,0,NA,NA,NA,0,NA,NA,-0.0365,NA,NA,NA
"425","903WE0798",NA,NA,NA,-0.0013,NA,NA,NA,0.00805,-0.0034,NA,NA,-0.00095,-0.0011,NA,NA,NA,NA
"426","903WE0798","Moderate",0,0,NA,NA,NA,NA,NA,NA,0,NA,NA,NA,NA,NA,NA,NA
"427","903WE0900","Moderate",0,NA,NA,0,NA,NA,NA,NA,NA,0,NA,NA,NA,NA,NA,NA
"428","903WE0900",NA,NA,NA,0.04175,NA,NA,NA,0.0101,-0.006,NA,NA,-0.00155,-0.00155,0.0283,0,-0.1055,0
"429","903WE0900","Wet",NA,0,NA,NA,0,0,NA,NA,0,NA,NA,NA,NA,NA,NA,NA
"430","905CE0512","Wet",NA,NA,NA,NA,NA,NA,NA,NA,NA,-2,NA,0.1,NA,NA,NA,NA
"431","905CE0512","Moderate",NA,NA,NA,-0.0298,NA,NA,NA,NA,NA,NA,0,NA,NA,NA,NA,NA
"432","905CE0512","Dry",-2,27,0,NA,-29,-25,-0.832,1.5,-4,NA,NA,NA,0,NA,NA,NA
"433","905S02561","Wet",NA,-2,NA,-0.0298,NA,NA,NA,NA,NA,-10,NA,NA,NA,0,NA,0
"434","905S02561",NA,NA,NA,NA,NA,NA,NA,NA,NA,NA,NA,0.0031,NA,NA,NA,0.2199,NA
"435","905S02561","Dry",-2,NA,NA,NA,0,4,NA,NA,NA,NA,NA,0.01,0,NA,NA,NA
"436","905S02561","Moderate",NA,NA,0,NA,NA,NA,0.1982,1.499,-4,NA,NA,NA,NA,NA,NA,NA
"437","905WE0679","Dry",-2,NA,NA,NA,NA,NA,NA,NA,-4,-9,0,0.01,NA,NA,NA,NA
"438","905WE0679","Wet",NA,-2,NA,-0.0298,0,0,NA,1.5,NA,NA,NA,NA,NA,-1,NA,-3
"439","905WE0679","Moderate",NA,NA,0,NA,NA,NA,0.2,NA,NA,NA,NA,NA,0,NA,NA,NA
"440","905WE0679",NA,NA,NA,NA,NA,NA,NA,NA,NA,NA,NA,NA,NA,NA,NA,0.2226,NA
"441","905WE1018","Dry",-2,NA,0,-0.0298,NA,4,NA,1.5,-4,-9,NA,NA,0,NA,NA,NA
"442","905WE1018","Wet",NA,NA,NA,NA,0,NA,NA,NA,NA,NA,0,0.01,NA,0,NA,NA
"443","905WE1018","Moderate",NA,-2,NA,NA,NA,NA,0.2,NA,NA,NA,NA,NA,NA,NA,NA,NA
"444","905WE1018",NA,NA,NA,NA,NA,NA,NA,NA,NA,NA,NA,NA,NA,NA,NA,0.1974,-0.5
"445","907M23331",NA,-23,-23,9.7165,0.0011,212,83,-0.2766,-0.2482,-83,NA,NA,NA,30.967,NA,NA,NA
"446","907M23367",NA,-79,-24.5,-0.17855,0,NA,NA,-0.8793,-2.3382,NA,42,0.3839,0.1548,-0.0313,NA,NA,NA
"447","907M23367","Wet",NA,NA,NA,NA,0,NA,NA,NA,NA,NA,NA,NA,NA,NA,NA,NA
"448","907M23367","Moderate",NA,NA,NA,NA,NA,-109,NA,NA,NA,NA,NA,NA,NA,NA,NA,NA
"449","907M23367","Dry",NA,NA,NA,NA,NA,NA,NA,NA,-116,NA,NA,NA,NA,NA,NA,NA
"450","907S00577",NA,NA,NA,NA,-6e-04,NA,NA,NA,NA,NA,-36,NA,NA,NA,NA,NA,NA
"451","907S00577","Dry",NA,NA,0,NA,NA,NA,-0.57,0,NA,NA,0,NA,0,NA,NA,NA
"452","907S00577","Moderate",NA,NA,NA,NA,-1,NA,NA,NA,-28,NA,NA,0.01,NA,NA,NA,NA
"453","907S00577","Wet",-1,-1,NA,NA,NA,5,NA,NA,NA,NA,NA,NA,NA,NA,NA,NA
"454","907S01418","Wet",0,0,NA,NA,0,NA,NA,NA,NA,NA,NA,NA,NA,NA,NA,NA
"455","907S01418",NA,NA,NA,-0.0026,-5e-05,NA,2,-0.003,-0.00215,NA,NA,-0.0022,-0.0025,-0.00255,NA,NA,NA
"456","907S01418","Moderate",NA,NA,NA,NA,NA,NA,NA,NA,-4,0,NA,NA,NA,NA,NA,NA
"457","907S01434","Wet",NA,-2,NA,NA,NA,NA,NA,1.5,NA,-2,NA,0.1,NA,NA,NA,NA
"458","907S01434","Dry",-2,NA,0,NA,0,4,0.2,NA,-4,NA,0,NA,0,NA,NA,NA
"459","907S01434","Moderate",NA,NA,NA,-0.0298,NA,NA,NA,NA,NA,NA,NA,NA,NA,NA,NA,NA
"460","907S01434",NA,NA,NA,NA,NA,NA,NA,NA,NA,NA,NA,NA,NA,NA,0,0.2238,0
"461","907S01610","Wet",0,NA,NA,0,NA,0,NA,NA,0,NA,NA,NA,NA,NA,NA,NA
"462","907S01610","Moderate",NA,0,NA,NA,0,NA,NA,NA,NA,NA,NA,NA,NA,NA,NA,NA
"463","907S01610",NA,NA,NA,-0.0115,NA,NA,NA,-0.0098,-0.0174,NA,NA,-0.0112,-0.0135,0.736,NA,NA,NA
"464","907S01610","Dry",NA,NA,NA,NA,NA,NA,NA,NA,NA,0,NA,NA,NA,NA,NA,NA
"465","907S03210",NA,NA,NA,1.5323,NA,174,NA,NA,NA,NA,NA,NA,NA,NA,NA,NA,NA
"466","907S03786","Wet",NA,NA,NA,-0.0298,NA,NA,0.2,1.5,NA,-2,NA,0.1,NA,NA,NA,NA
"467","907S03786","Dry",-2,NA,0,NA,0,4,NA,NA,-4,NA,0,NA,0,NA,NA,NA
"468","907S03786","Moderate",NA,-2,NA,NA,NA,NA,NA,NA,NA,NA,NA,NA,NA,NA,NA,NA
"469","907S03786",NA,NA,NA,NA,NA,NA,NA,NA,NA,NA,NA,NA,NA,NA,-1,0.2086,0
"470","909M24925",NA,-1,-1,-0.2144,-5e-05,NA,2.5,-1.1014,-2.62245,-2.5,-3,0.011,0.1892,-0.505,NA,NA,NA
"471","909M24925","Wet",NA,NA,NA,NA,0,NA,NA,NA,NA,NA,NA,NA,NA,NA,NA,NA
"472","909M24937","Wet",0,NA,NA,0,NA,NA,NA,NA,NA,NA,NA,NA,NA,NA,NA,NA
"473","909M24937","Dry",NA,-18,NA,NA,NA,NA,0,NA,NA,NA,NA,NA,NA,NA,NA,NA
"474","909M24937",NA,NA,NA,0.458,NA,-0.5,22,NA,-3.2106,-22.5,NA,NA,NA,-0.30655,NA,NA,NA
"475","909SSWR03",NA,-0.5,-0.5,-0.1756,0.00015,NA,1,0.23685,-1.03185,-1,1,0.021,0.01975,0.4169,NA,NA,NA
"476","909SSWR03","Wet",NA,NA,NA,NA,0,NA,NA,NA,NA,NA,NA,NA,NA,NA,NA,NA
"477","909WE0662","Moderate",0,NA,NA,NA,0,NA,0,NA,NA,NA,NA,NA,NA,NA,NA,NA
"478","909WE0662","Wet",NA,0,NA,0,NA,NA,NA,NA,NA,NA,NA,NA,NA,NA,NA,NA
"479","909WE0662",NA,NA,NA,-0.0289,NA,NA,0.5,NA,0.04695,-0.5,-10.5,-0.0069,-0.01955,-0.01305,NA,NA,NA
"480","909WE0780","Wet",-1,-1,NA,0,0,NA,0,NA,NA,NA,NA,NA,NA,NA,NA,NA
"481","909WE0780",NA,NA,NA,0.2297,NA,NA,2,NA,-0.1343,-2,1,0.0026,0.0304,0.1493,NA,NA,NA
"482","911S00538",NA,NA,-0.5,0.4878,NA,-0.5,0.5,-0.1162,0.11425,-1.5,-0.5,-0.09545,-0.05775,0.36445,0,16.5992,-4
"483","911S00538","Moderate",-2,NA,NA,NA,NA,NA,NA,NA,NA,NA,NA,NA,NA,NA,NA,NA
"484","911S00538","Dry",NA,NA,NA,0,NA,NA,NA,NA,NA,NA,NA,NA,NA,NA,NA,NA
"485","911S00858",NA,0,0,0.162,0,85,0,0,0.015,0,0,0,0,0.0124,NA,NA,NA
"486","911S01142",NA,-0.5,NA,0.47435,NA,-0.5,-0.5,-0.0011,-0.06875,NA,NA,-0.0339,0.03735,0.2563,NA,NA,NA
"487","911S01142","Wet",NA,-2,NA,NA,NA,NA,NA,NA,NA,NA,NA,NA,NA,NA,NA,NA
"488","911S01142","Moderate",NA,NA,NA,0,NA,NA,NA,NA,NA,NA,NA,NA,NA,NA,NA,NA
"489","911S01142","Dry",NA,NA,NA,NA,NA,NA,NA,NA,-2,-1,NA,NA,NA,NA,NA,NA
"490","911S01818",NA,NA,NA,NA,NA,NA,NA,NA,NA,NA,-22,NA,NA,NA,NA,NA,NA
"491","911S01818","Moderate",NA,-24,0,NA,NA,NA,NA,NA,NA,NA,-0.02,NA,NA,NA,NA,NA
"492","911S01818","Wet",NA,NA,NA,NA,0,3,-0.62,NA,-26,NA,NA,-0.62,0,NA,NA,NA
"493","911S01818","Dry",-15,NA,NA,-0.0357,NA,NA,NA,0,NA,NA,NA,NA,NA,NA,NA,NA
"494","911S02058","Wet",-2,-2,NA,NA,NA,NA,NA,NA,NA,-11,NA,NA,NA,NA,NA,NA
"495","911S02058",NA,NA,NA,0.1123,NA,NA,NA,-1.1607,-1.0712,NA,NA,-0.07105,-0.03305,0.9427,NA,NA,NA
"496","911S02058","Dry",NA,NA,NA,0,-1,1,NA,NA,-13,NA,NA,NA,NA,NA,NA,NA
"497","911S03354",NA,0,0,5.3186,-2e-04,153,2,0,1.6382,-2,NA,NA,NA,4.1142,NA,NA,NA
"498","911S04086",NA,NA,NA,0.1117,NA,NA,0.5,-0.0487,-0.0479,NA,1,-0.05215,-0.0594,-0.009,NA,NA,NA
"499","911S04086","Moderate",-8,-61,NA,NA,NA,NA,NA,NA,NA,NA,NA,NA,NA,NA,NA,NA
"500","911S04086","Dry",NA,NA,NA,0,NA,NA,NA,NA,NA,NA,NA,NA,NA,NA,NA,NA
"501","911S04086","Wet",NA,NA,NA,NA,-1,NA,NA,NA,-6,NA,NA,NA,NA,NA,NA,NA
"502","LALT501",NA,-6.5,-57,74.31795,NA,45.5,67,-11.5555,-133.1138,-19,-25.5,2.8405,14.7294,1465.2221,NA,976.7279,-27
"503","LALT501","Wet",NA,NA,NA,0,NA,NA,NA,NA,NA,NA,NA,NA,NA,-1,NA,NA
"504","SGLT506",NA,NA,-3,388.7689,-0.0186,27,47,-4.0753,-23.1575,-18,-9.5,-3.04815,-4.31945,442.2723,-0.5,180.32225,-43.5
"505","SGLT506","Dry",-143,NA,NA,NA,NA,NA,NA,NA,NA,NA,NA,NA,NA,NA,NA,NA
"506","SGUR010","Wet",NA,NA,NA,0,NA,NA,NA,NA,0,0,NA,NA,NA,NA,NA,NA
"507","SGUR010",NA,NA,NA,2.5798,NA,NA,NA,0.0266,-0.6306,NA,NA,-0.0306,-0.046,0.5235,0,6.7518,0
"508","SGUR010","Moderate",0,0,NA,NA,NA,NA,NA,NA,NA,NA,NA,NA,NA,NA,NA,NA
"509","SGUR010","Dry",NA,NA,NA,NA,0,0,NA,NA,NA,NA,NA,NA,NA,NA,NA,NA
"510","SGUR103","Wet",0,NA,NA,0,NA,NA,NA,NA,-1,NA,NA,NA,NA,NA,NA,NA
"511","SGUR103","Moderate",NA,0,NA,NA,NA,-6,NA,NA,NA,NA,NA,NA,NA,NA,NA,NA
"512","SGUR103",NA,NA,NA,-0.0296,NA,NA,NA,0.00455,0.08555,NA,-1,0.00255,0.0037,0.0036,1,-0.1323,0
"513","SGUR103","Dry",NA,NA,NA,NA,0,NA,NA,NA,NA,NA,NA,NA,NA,NA,NA,NA
"514","SGUT501","Wet",0,NA,NA,NA,0,NA,NA,NA,NA,-6,0,NA,NA,NA,NA,NA
"515","SGUT501","Moderate",NA,NA,NA,0,NA,NA,0,0,NA,NA,NA,0,NA,NA,NA,NA
"516","SGUT501","Dry",NA,-3,0,NA,NA,NA,NA,NA,NA,NA,NA,NA,-1e-04,NA,NA,NA
"517","SGUT501",NA,NA,NA,NA,NA,NA,-0.5,NA,NA,0.5,NA,NA,NA,NA,NA,NA,NA
"518","SGUT502","Moderate",NA,NA,-0.009,0,NA,NA,NA,NA,0,NA,NA,NA,NA,NA,NA,NA
"519","SGUT502","Wet",0,0,NA,NA,0,0,NA,NA,NA,0,NA,NA,NA,NA,NA,NA
"520","SGUT502",NA,NA,NA,NA,NA,NA,NA,-0.00455,-0.00925,NA,NA,-0.0076,-0.0082,-0.00925,NA,NA,NA
"521","SGUT503","Wet",0,0,NA,NA,0,NA,NA,NA,NA,NA,NA,NA,NA,NA,NA,NA
"522","SGUT503",NA,NA,NA,-0.0226,3e-04,NA,-2,-0.00555,0.00705,2,0,0,0.0028,0.18385,NA,NA,NA
"523","SGUT504","Moderate",NA,-12,NA,0,NA,NA,NA,-0.1062,NA,-12,NA,NA,NA,NA,NA,NA
"524","SGUT504","Dry",NA,NA,NA,NA,-2,NA,-0.0021,NA,-2,NA,0.0968,NA,NA,NA,NA,NA
"525","SGUT504","Wet",1,NA,NA,NA,NA,-5,NA,NA,NA,NA,NA,-0.002,0.2798,NA,NA,NA
"526","SGUT504",NA,NA,NA,0.2514,NA,NA,NA,NA,NA,NA,NA,NA,NA,NA,2.5,0.29855,-2.5
"527","SGUT505","Wet",0,0,NA,NA,0,0,NA,NA,0,NA,NA,NA,NA,NA,NA,NA
"528","SGUT505",NA,NA,NA,-0.44295,NA,NA,NA,-0.0671,-0.3777,NA,0,7e-04,-0.5092,1.54735,NA,NA,NA
"529","SGUT505","Moderate",NA,NA,NA,0,NA,NA,NA,NA,NA,NA,NA,NA,NA,NA,NA,NA
"530","SMC00080","Moderate",NA,NA,NA,NA,NA,NA,0,0,NA,-1,NA,NA,NA,NA,NA,NA
"531","SMC00080","Wet",NA,-13,NA,NA,0,-2,NA,NA,0,NA,0,0,0,NA,NA,NA
"532","SMC00080",NA,-3,NA,NA,NA,NA,NA,NA,NA,NA,NA,NA,NA,NA,NA,NA,NA
"533","SMC00080","Dry",NA,NA,0,0,NA,NA,NA,NA,NA,NA,NA,NA,NA,NA,NA,NA
"534","SMC00105",NA,-1,-1,0.0369,NA,NA,-4,NA,0.025,4,-3,0.0025,0.004,0.1172,NA,NA,NA
"535","SMC00105","Wet",NA,NA,NA,0,0,NA,0,NA,NA,NA,NA,NA,NA,NA,NA,NA
"536","SMC00198",NA,-15,0.5,77.2694,-2e-04,47,74,-0.48675,-1.9755,-29,-12,-0.8367,-1.2593,107.60025,1,21.7957,-9
"537","SMC00271","Wet",NA,NA,NA,0,0,0,NA,NA,0,-2,NA,NA,NA,NA,NA,NA
"538","SMC00271",NA,NA,NA,0.00795,NA,NA,NA,NA,-8e-04,NA,NA,-2e-04,-3e-04,3e-04,1,-0.0016,0
"539","SMC00271","Moderate",0,0,NA,NA,NA,NA,0,NA,NA,NA,NA,NA,NA,NA,NA,NA
"540","SMC00282",NA,0.5,0.5,-0.0743,-1e-04,NA,0.5,0.11545,0.21955,-0.5,NA,-0.00385,-0.00675,0.1768,NA,NA,NA
"541","SMC00282","Moderate",NA,NA,NA,NA,0,NA,NA,NA,NA,NA,NA,NA,NA,NA,NA,NA
"542","SMC00282","Wet",NA,NA,NA,NA,NA,NA,NA,NA,NA,0,NA,NA,NA,NA,NA,NA
"543","SMC00288",NA,-13,-71,-0.306,NA,44,46,-0.0093,0.03685,-13.5,-32,0.001,-0.0895,1.6697,NA,NA,NA
"544","SMC00288","Moderate",NA,NA,NA,0,NA,NA,NA,NA,NA,NA,NA,NA,NA,NA,NA,NA
"545","SMC00318",NA,NA,NA,2119.5506,-0.0287,33,44,-1.9509,-6.7858,-11,-18,-12.79555,-22.5142,2112.0054,NA,NA,NA
"546","SMC00318","Moderate",-247,NA,NA,NA,NA,NA,NA,NA,NA,NA,NA,NA,NA,NA,NA,NA
"547","SMC00318","Wet",NA,-12,NA,NA,NA,NA,NA,NA,NA,NA,NA,NA,NA,NA,NA,NA
"548","SMC00382",NA,-34,-67,2.9097,NA,38,NA,NA,-0.0339,-20,-7.5,0.00065,NA,4.7299,NA,NA,NA
"549","SMC00382","Moderate",NA,NA,NA,0,NA,NA,0,NA,NA,NA,NA,NA,NA,NA,NA,NA
"550","SMC00382","Wet",NA,NA,NA,NA,NA,-10,NA,NA,NA,NA,NA,0.0033,NA,NA,NA,NA
"551","SMC00428","Wet",NA,NA,NA,-0.3849,-14,NA,NA,0,NA,-3,0.01,NA,NA,NA,NA,NA
"552","SMC00428","Moderate",1,NA,NA,NA,NA,NA,NA,NA,NA,NA,NA,0,NA,NA,NA,NA
"553","SMC00428",NA,NA,-2,0.54375,NA,NA,3.5,0.56085,NA,NA,NA,NA,NA,0.15825,-4,-0.9665,-44
"554","SMC00428","Dry",NA,NA,NA,NA,NA,NA,NA,NA,0,NA,NA,NA,NA,NA,NA,NA
"555","SMC00436",NA,6,15,1165.47315,-0.0362,5.5,18,-4.886,-3.9854,-10,-20,-6.5989,-3.91215,1232.1616,NA,-13.5149,-26
"556","SMC00436","Wet",NA,NA,NA,NA,NA,NA,NA,NA,NA,NA,NA,NA,NA,0,NA,NA
"557","SMC00464","Moderate",-3,NA,-1.1,0,NA,-6,NA,0,NA,-1,0,0,NA,NA,NA,NA
"558","SMC00464","Wet",NA,-22,NA,NA,0,NA,0,NA,NA,NA,NA,NA,NA,NA,NA,NA
"559","SMC00464","Dry",NA,NA,NA,NA,NA,NA,NA,NA,0,NA,NA,NA,-1e-04,NA,NA,NA
"560","SMC00476","Moderate",0,NA,NA,0,NA,0,NA,0,-1,-18,NA,NA,0,NA,NA,NA
"561","SMC00476","Dry",NA,NA,NA,NA,NA,NA,NA,NA,NA,NA,0,NA,NA,NA,NA,NA
"562","SMC00476","Wet",NA,-11,0,NA,0,NA,NA,NA,NA,NA,NA,0,NA,NA,NA,NA
"563","SMC00476",NA,NA,NA,NA,NA,NA,NA,-0.041,NA,NA,NA,NA,NA,NA,NA,NA,NA
"564","SMC00479",NA,-30,-65,2.6062,NA,NA,54,NA,-0.0662,-24,-7.5,0.00205,0.00965,5.8958,NA,NA,NA
"565","SMC00479","Moderate",NA,NA,NA,0,NA,NA,0,NA,NA,NA,NA,NA,NA,NA,NA,NA
"566","SMC00479","Wet",NA,NA,NA,NA,-5,NA,NA,NA,NA,NA,NA,NA,NA,NA,NA,NA
"567","SMC00480","Moderate",NA,NA,0,NA,0,NA,NA,NA,0,0,NA,NA,NA,NA,NA,NA
"568","SMC00480","Dry",0,NA,NA,NA,NA,NA,NA,NA,NA,NA,0,NA,NA,NA,NA,NA
"569","SMC00480",NA,NA,NA,NA,NA,NA,NA,NA,-0.0013,NA,NA,NA,-5e-04,-1e-04,NA,NA,NA
"570","SMC00480","Wet",NA,0,NA,0,NA,0,0,NA,NA,NA,NA,NA,NA,NA,NA,NA
"571","SMC00520","Wet",-1,-1,NA,0,0,NA,NA,NA,-2,0,NA,NA,NA,NA,NA,NA
"572","SMC00520",NA,NA,NA,-0.1449,NA,NA,NA,-0.03955,-0.0722,NA,NA,-0.0249,0.0227,-0.0071,0,4.9767,-1
"573","SMC00520","Moderate",NA,NA,NA,NA,NA,0,NA,NA,NA,NA,NA,NA,NA,NA,NA,NA
"574","SMC00544","Moderate",NA,NA,NA,NA,NA,0,0,NA,-1,-4,NA,NA,NA,NA,NA,NA
"575","SMC00544",NA,NA,NA,-4e-04,NA,NA,NA,NA,0.0037,NA,NA,0.0011,-3e-04,-0.00385,-9,-0.0676,0
"576","SMC00544","Wet",0,-1,NA,0,0,NA,NA,NA,NA,NA,NA,NA,NA,NA,NA,NA
"577","SMC00608","Dry",NA,NA,NA,NA,NA,NA,NA,NA,NA,-68,NA,NA,NA,NA,NA,NA
"578","SMC00608",NA,-9.5,-27.5,21.11805,NA,NA,10,-1.1879,-1.7351,-5,NA,0.0993,0.5876,47.9984,0.5,-71.04525,-30.5
"579","SMC00608","Wet",NA,NA,NA,0,0,NA,NA,NA,NA,NA,NA,NA,NA,NA,NA,NA
"580","SMC00632",NA,-11,-28,1.6927,NA,14.5,44.5,NA,-0.28265,-11,-12,NA,0.0273,2.8586,7.5,0.13555,-20.5
"581","SMC00632","Dry",NA,NA,NA,NA,NA,NA,NA,NA,NA,NA,0,NA,NA,NA,NA,NA
"582","SMC00632","Wet",NA,NA,NA,0,NA,NA,NA,NA,NA,NA,NA,NA,NA,NA,NA,NA
"583","SMC00632","Moderate",NA,NA,NA,NA,NA,NA,0,NA,NA,NA,NA,NA,NA,NA,NA,NA
"584","SMC00684",NA,-21,-68,14.802,NA,44,61,NA,-3.3538,-22,-19,-0.001,-0.0658,50.3229,-10,30.72905,-45
"585","SMC00684","Moderate",NA,NA,NA,0,NA,NA,NA,NA,NA,NA,NA,NA,NA,NA,NA,NA
"586","SMC00684","Wet",NA,NA,NA,NA,NA,NA,-6.7222,NA,NA,NA,NA,NA,NA,NA,NA,NA
"587","SMC00710",NA,9.5,-38.5,139.70545,1e-04,69.5,135.5,NA,-0.20885,-54.5,-82,0,-0.0095,110.8054,1,104.6886,-7
"588","SMC00710","Moderate",NA,NA,NA,NA,NA,NA,0,NA,NA,NA,NA,NA,NA,NA,NA,NA
"589","SMC00748",NA,-16,-45,25.8165,NA,NA,47.5,-0.7087,-8.909,-17.5,-18,0.05865,-0.0433,118.0028,-17,-36.2201,-43.5
"590","SMC00748","Wet",NA,NA,NA,0,-9,NA,NA,NA,NA,NA,NA,NA,NA,NA,NA,NA
"591","SMC00827","Moderate",NA,0,NA,0,NA,NA,NA,NA,NA,0,NA,NA,NA,NA,NA,NA
"592","SMC00827",NA,NA,NA,0.9256,NA,NA,NA,-0.0064,-0.0148,NA,NA,-0.0159,-0.0219,0.9964,0,4.6063,0
"593","SMC00827","Wet",0,NA,NA,NA,NA,0,NA,NA,0,NA,NA,NA,NA,NA,NA,NA
"594","SMC00827","Dry",NA,NA,NA,NA,0,NA,NA,NA,NA,NA,NA,NA,NA,NA,NA,NA
"595","SMC00873","Wet",NA,NA,NA,0,NA,NA,NA,NA,NA,-82,NA,NA,NA,NA,NA,NA
"596","SMC00873",NA,-10.5,-41.5,12.5525,NA,34.5,76.5,-0.00105,-3.1243,-14,NA,0.01535,0.07185,25.63605,NA,NA,NA
"597","SMC00899",NA,-96,-91,20.7216,-4e-04,103,116,-0.238,-7.1936,10,130,-0.194,-0.1799,50.2443,NA,NA,NA
"598","SMC00911","Wet",0,0,NA,0,NA,0,NA,NA,0,0,NA,NA,NA,0,NA,0
"599","SMC00911",NA,NA,NA,-0.0025,NA,NA,NA,0.0034,-0.0134,NA,NA,-0.00045,-0.00485,0.0474,NA,0.5081,NA
"600","SMC00911","Moderate",NA,NA,NA,NA,0,NA,NA,NA,NA,NA,NA,NA,NA,NA,NA,NA
"601","SMC00924","Moderate",NA,NA,NA,NA,NA,NA,NA,0.2,NA,-6,NA,NA,NA,NA,NA,NA
"602","SMC00924","Dry",NA,NA,NA,NA,NA,NA,NA,NA,NA,NA,0.01,NA,NA,NA,NA,NA
"603","SMC00924","Wet",NA,NA,NA,-0.1373,NA,-104,NA,NA,-4,NA,NA,0,NA,NA,NA,0
"604","SMC00924",NA,1.5,-30.5,0.37705,NA,18.5,NA,0.0021,NA,NA,NA,NA,NA,0.04135,-3.5,0.30165,NA
"605","SMC00957",NA,27,NA,68.8872,-0.0676,NA,60,-0.0947,NA,-38,42.5,-0.0601,-0.0066,42.0008,NA,NA,NA
"606","SMC00957","Moderate",NA,0,NA,NA,0,NA,NA,-0.0858,NA,NA,NA,NA,NA,NA,NA,NA
"607","SMC00958",NA,-24,-51.5,31.4259,NA,41,79.5,NA,-0.8027,-45,-51.5,0.001,0.10855,38.02445,NA,NA,NA
"608","SMC00958","Wet",NA,NA,NA,0,NA,NA,NA,NA,NA,NA,NA,NA,NA,NA,NA,NA
"609","SMC00958","Moderate",NA,NA,NA,NA,NA,NA,0,NA,NA,NA,NA,NA,NA,NA,NA,NA
"610","SMC01040","Dry",NA,NA,NA,NA,0,NA,NA,NA,NA,0,NA,NA,NA,NA,NA,NA
"611","SMC01040",NA,NA,NA,NA,NA,NA,NA,-0.0168,-0.0223,NA,NA,-0.0037,-0.0241,0.0072,-0.5,-0.21125,-1
"612","SMC01040","Wet",-1,NA,-0.1957,0,NA,-3,NA,NA,NA,NA,NA,NA,NA,NA,NA,NA
"613","SMC01040","Moderate",NA,-1,NA,NA,NA,NA,NA,NA,-1,NA,NA,NA,NA,NA,NA,NA
"614","SMC01046","Dry",NA,NA,NA,NA,NA,NA,NA,NA,-27,-26,NA,NA,NA,NA,NA,NA
"615","SMC01046",NA,NA,-8.5,14.0147,NA,8.5,12,2.2205,0.7845,NA,NA,-0.0611,0.5688,31.3286,NA,0.5915,-4
"616","SMC01046","Moderate",-5,NA,NA,0,NA,NA,NA,NA,NA,NA,NA,NA,NA,-1,NA,NA
"617","SMC01096","Moderate",-1,-1,NA,NA,NA,0,NA,NA,NA,-2,NA,NA,NA,NA,NA,NA
"618","SMC01096",NA,NA,NA,-0.1818,NA,NA,NA,0.0026,0.2542,NA,NA,-0.02465,-0.05075,0.0089,0,5.7549,-1
"619","SMC01096","Wet",NA,NA,NA,0,0,NA,NA,NA,-1,NA,NA,NA,NA,NA,NA,NA
"620","SMC01155","Dry",NA,NA,NA,NA,NA,NA,NA,NA,NA,-2,NA,NA,NA,NA,NA,NA
"621","SMC01155",NA,NA,NA,-0.07325,NA,NA,NA,0.00015,-8e-04,NA,NA,0.0148,0.02165,-0.09,0,0.0094,-1
"622","SMC01155","Moderate",-1,-1,NA,NA,NA,0,NA,NA,NA,NA,NA,NA,NA,NA,NA,NA
"623","SMC01155","Wet",NA,NA,NA,0,0,NA,NA,NA,-2,NA,NA,NA,NA,NA,NA,NA
"624","SMC01161",NA,NA,NA,4.7763,NA,NA,NA,-0.004,-0.0075,NA,1,0.0031,0.0036,5.4893,NA,NA,NA
"625","SMC01161","Wet",-13,-13,NA,0,0,-1,NA,NA,-16,NA,NA,NA,NA,NA,NA,NA
"626","SMC01172","Dry",NA,NA,0.2,NA,NA,NA,NA,NA,NA,-11,0,NA,NA,NA,NA,NA
"627","SMC01172",NA,-2,NA,NA,-0.2874,NA,NA,NA,NA,NA,NA,NA,0.3492,0.0014,NA,NA,NA
"628","SMC01172","Moderate",NA,-62,NA,NA,NA,NA,-0.254,0.2,NA,NA,NA,NA,NA,NA,NA,NA
"629","SMC01172","Wet",NA,NA,NA,NA,0,-22,NA,NA,-2,NA,NA,NA,NA,NA,NA,NA
"630","SMC01196","Wet",-1,-1,NA,0,0,0,NA,NA,-1,NA,NA,NA,NA,NA,NA,NA
"631","SMC01196",NA,NA,NA,-0.006,NA,NA,NA,-0.084,0.0314,NA,0,0,-0.0602,0.0797,NA,NA,NA
"632","SMC01215","Moderate",NA,NA,NA,NA,0,NA,NA,NA,-5,-91,NA,NA,NA,NA,NA,NA
"633","SMC01215",NA,NA,NA,267.1503,NA,NA,NA,0.6149,-13.2779,NA,NA,6.9375,7.1154,242.183,2,478.4724,0
"634","SMC01215","Wet",-4,-4,NA,NA,NA,0,NA,NA,NA,NA,NA,NA,NA,NA,NA,NA
"635","SMC01215","Dry",NA,NA,NA,-0.0539,NA,NA,NA,NA,NA,NA,NA,NA,NA,NA,NA,NA
"636","SMC01248","Dry",NA,NA,-0.0019,NA,0,NA,NA,NA,NA,0,NA,NA,NA,NA,NA,NA
"637","SMC01248","Moderate",0,-2,NA,NA,NA,NA,NA,NA,0,NA,-1e-04,-1e-04,NA,NA,NA,NA
"638","SMC01248","Wet",NA,NA,NA,0,NA,NA,NA,NA,NA,NA,NA,NA,NA,NA,NA,NA
"639","SMC01248",NA,NA,NA,NA,NA,NA,0.5,-2e-04,0.0585,NA,NA,NA,NA,-9e-04,NA,NA,NA
"640","SMC01257",NA,-13.5,-63,15.8992,NA,45.5,67,NA,-1.9643,NA,-7,0.0087,0.0481,23.8155,NA,NA,NA
"641","SMC01257","Moderate",NA,NA,NA,0,NA,NA,0,NA,-145,NA,NA,NA,NA,NA,NA,NA
"642","SMC01260",NA,NA,-2,360.80205,NA,25.5,44,-3.9485,-26.8334,-15,-9,-2.9751,-4.4122,428.6889,-0.5,89.4789,-43.5
"643","SMC01260","Dry",-142,NA,NA,NA,NA,NA,NA,NA,NA,NA,NA,NA,NA,NA,NA,NA
"644","SMC01260","Moderate",NA,NA,NA,-0.04,NA,NA,NA,NA,NA,NA,NA,NA,NA,NA,NA,NA
"645","SMC01320","Moderate",NA,-1,NA,NA,NA,NA,NA,NA,NA,0,NA,NA,NA,NA,NA,NA
"646","SMC01320",NA,NA,NA,-0.08005,NA,NA,NA,0.0253,-0.0155,NA,NA,-0.0073,-0.008,-0.02975,1,2.72,0
"647","SMC01320","Wet",-1,NA,NA,0,0,0,NA,NA,-1,NA,NA,NA,NA,NA,NA,NA
"648","SMC01358",NA,-27,-94,5.60015,NA,44.5,95,NA,-0.06975,-47.5,-15,0.004,0.0035,8.31375,NA,NA,NA
"649","SMC01358","Moderate",NA,NA,NA,0,NA,NA,NA,NA,NA,NA,NA,NA,NA,NA,NA,NA
"650","SMC01358","Wet",NA,NA,NA,NA,NA,NA,0,NA,NA,NA,NA,NA,NA,NA,NA,NA
"651","SMC01413","Wet",0,0,-3e-04,0,0,0,0,0,0,NA,NA,NA,-2e-04,NA,NA,NA
"652","SMC01413",NA,NA,NA,NA,NA,NA,NA,NA,NA,NA,0,0,0,NA,NA,NA,NA
"653","SMC01424","Wet",0,0,NA,0,NA,NA,NA,NA,NA,NA,NA,NA,NA,NA,NA,NA
"654","SMC01424",NA,NA,NA,-0.0051,NA,NA,0.5,-0.00655,-0.02715,NA,NA,-0.01785,-0.01815,-0.01175,NA,NA,NA
"655","SMC01424","Dry",NA,NA,NA,NA,0,NA,NA,NA,NA,0,NA,NA,NA,NA,NA,NA
"656","SMC01424","Moderate",NA,NA,NA,NA,NA,NA,NA,NA,0,NA,NA,NA,NA,NA,NA,NA
"657","SMC01452",NA,-34,NA,1.4199,NA,39,97.5,-0.15155,-0.20365,-37,NA,NA,NA,7.4592,NA,NA,NA
"658","SMC01452","Wet",NA,-98,NA,0,NA,NA,NA,NA,NA,NA,NA,NA,NA,NA,NA,NA
"659","SMC01454",NA,-12,-59,10.9043,NA,43,59,NA,-0.203,NA,-2,0.007,0.132,20.3959,-11,18.6019,-44.5
"660","SMC01454","Wet",NA,NA,NA,0,NA,NA,NA,NA,NA,NA,NA,NA,NA,NA,NA,NA
"661","SMC01454","Moderate",NA,NA,NA,NA,NA,NA,0,NA,-60,NA,NA,NA,NA,NA,NA,NA
"662","SMC01504","Dry",NA,NA,NA,NA,0,NA,NA,NA,0,0,0,0,NA,NA,NA,NA
"663","SMC01504","Moderate",0,NA,0,NA,NA,NA,NA,NA,NA,NA,NA,NA,0,NA,NA,NA
"664","SMC01504",NA,NA,0,NA,0,NA,0,0,0,NA,NA,NA,NA,NA,NA,NA,NA
"665","SMC01544","Moderate",NA,NA,NA,0,0,NA,NA,NA,0,0,NA,NA,NA,NA,NA,NA
"666","SMC01544",NA,NA,NA,-0.0675,NA,NA,NA,0.0283,-0.066,NA,NA,-0.0074,-0.0079,-0.03025,1,2.7485,0
"667","SMC01544","Wet",-1,-1,NA,NA,NA,0,NA,NA,NA,NA,NA,NA,NA,NA,NA,NA
"668","SMC01550","Moderate",NA,-62,NA,NA,-2,NA,-2.0611,0.2,NA,-62,0,NA,NA,NA,NA,NA
"669","SMC01550",NA,-2,NA,0.2397,-0.5329,NA,NA,NA,NA,NA,NA,NA,0.3587,0.0189,NA,NA,NA
"670","SMC01550","Wet",NA,NA,NA,NA,NA,-18,NA,NA,-3,NA,NA,NA,NA,NA,NA,NA
"671","SMC01567","Wet",0,0,NA,0,0,NA,NA,NA,NA,0,NA,NA,NA,NA,NA,NA
"672","SMC01567",NA,NA,NA,-0.0087,NA,NA,NA,0.0051,0.0055,NA,NA,-8e-04,-0.0012,-0.0077,NA,NA,NA
"673","SMC01567","Moderate",NA,NA,NA,NA,NA,0,NA,NA,0,NA,NA,NA,NA,NA,NA,NA
"674","SMC01606",NA,-181,-8.5,35.715,-0.00125,106,67.5,-0.42445,-0.2705,-5,152.5,-0.01515,0.1218,66.6044,1,50.5076,-8
"675","SMC01640",NA,NA,NA,18.3589,NA,149,NA,NA,NA,NA,NA,NA,NA,NA,NA,NA,NA
"676","SMC01656","Moderate",NA,NA,NA,NA,NA,NA,NA,NA,NA,-56,NA,NA,NA,NA,NA,NA
"677","SMC01656",NA,NA,-16.5,3.15865,NA,NA,36.5,-0.0839,-0.18545,-16,NA,0.0132,0.0634,7.56645,-3.5,0.77545,-33
"678","SMC01656","Wet",-20,NA,NA,0,-4,NA,NA,NA,NA,NA,NA,NA,NA,NA,NA,NA
"679","SMC01662",NA,-33,-78,34.1295,NA,36,63,NA,-2.3551,-23,-19,0.0067,0.0536,57.8373,-19,5.0829,-30
"680","SMC01662","Wet",NA,NA,NA,0,NA,NA,-0.3446,NA,NA,NA,NA,NA,NA,NA,NA,NA
"681","SMC01692","Wet",0,0,NA,0,0,1,0,0,-12,NA,NA,NA,NA,NA,NA,NA
"682","SMC01692",NA,NA,NA,1.67475,NA,NA,NA,NA,NA,NA,NA,NA,NA,2.1799,NA,NA,NA
"683","SMC01694",NA,NA,-12,1.3856,0.0112,NA,20,NA,-0.3157,NA,-28,NA,0.2174,10.2336,NA,NA,NA
"684","SMC01694","Moderate",NA,NA,NA,NA,NA,NA,NA,NA,NA,NA,0,NA,NA,NA,NA,NA
"685","SMC01694","Dry",-66,NA,NA,NA,NA,NA,-2.76,NA,-58,NA,NA,NA,NA,NA,NA,NA
"686","SMC01694","Wet",NA,NA,NA,NA,-3,NA,NA,NA,NA,NA,NA,NA,NA,NA,NA,NA
"687","SMC01726",NA,NA,-0.5,197.9569,-0.02765,26,37.5,-1.07915,-7.3294,-14.5,-30.5,-1.3368,-1.98505,284.4105,-19,-602.7957,-39
"688","SMC01726","Moderate",-156,NA,NA,NA,NA,NA,NA,NA,NA,NA,NA,NA,NA,NA,NA,NA
"689","SMC01748",NA,-7.5,-34.5,111.2897,NA,19.5,36,8.3228,25.21325,-12.5,4,0.2881,3.384,116.253,-1.5,80.2094,-38
"690","SMC01748","Wet",NA,NA,NA,0,NA,NA,NA,NA,NA,NA,NA,NA,NA,NA,NA,NA
"691","SMC01772",NA,-11,-47.5,1.05485,5e-05,36,67,-0.0085,-0.05935,-28.5,-7,0.00185,0.0111,3.34815,NA,NA,NA
"692","SMC01808","Wet",0,-1,0,0,NA,0,0,NA,NA,NA,0,0,0,NA,NA,NA
"693","SMC01808","Dry",NA,NA,NA,NA,0,NA,NA,NA,NA,NA,NA,NA,NA,NA,NA,NA
"694","SMC01808","Moderate",NA,NA,NA,NA,NA,NA,NA,NA,0,0,NA,NA,NA,NA,NA,NA
"695","SMC01808",NA,NA,NA,NA,NA,NA,NA,NA,-0.007,NA,NA,NA,NA,NA,NA,NA,NA
"696","SMC01860",NA,-127,-51,190.5332,0,152,-29,-16.4547,-7.02165,19,166,-0.3822,-0.2401,212.9465,NA,NA,NA
"697","SMC01912",NA,-37,-81,-0.1192,1e-04,53,72,NA,-0.1545,NA,60,5e-04,0.0085,3.8634,NA,NA,NA
"698","SMC01912","Wet",NA,NA,NA,NA,NA,NA,0,NA,-66,NA,NA,NA,NA,NA,NA,NA
"699","SMC01934",NA,-1.5,-52.5,-21.7565,NA,59,80,23.33195,23.99925,-7,-10,1.32645,23.5854,110.28405,NA,NA,NA
"700","SMC01934","Wet",NA,NA,NA,0,NA,NA,NA,NA,NA,NA,NA,NA,NA,NA,NA,NA
"701","SMC01960","Wet",-26,NA,NA,0,NA,NA,-68.7283,NA,NA,-65,NA,NA,NA,NA,NA,NA
"702","SMC01960",NA,NA,-44,15.265,NA,30,43,NA,0.6993,-5,NA,0.0733,0.6783,45.9586,NA,NA,NA
"703","SMC01987",NA,NA,-30,16.6529,NA,39.5,133.5,NA,-0.05365,-80,-55,-0.0013,-0.1502,60.06135,1,2.4147,-28
"704","SMC01987","Wet",-27,NA,NA,0,NA,NA,NA,NA,NA,NA,NA,NA,NA,NA,NA,NA
"705","SMC01987","Moderate",NA,NA,NA,NA,NA,NA,0,NA,NA,NA,NA,NA,NA,NA,NA,NA
"706","SMC01990",NA,18.5,-5.5,36.03455,-0.0037,46,97,-0.38625,-0.41325,-39,63,-1.4347,-0.6984,46.7764,NA,NA,NA
"707","SMC02028",NA,NA,-14,41.2968,NA,0,25,-1.4634,1.6286,NA,-4,0.1868,1.0661,34.34065,0,-0.538,-59
"708","SMC02028","Wet",-8,NA,NA,0,NA,NA,NA,NA,NA,NA,NA,NA,NA,NA,NA,NA
"709","SMC02028","Moderate",NA,NA,NA,NA,NA,NA,NA,NA,-20,NA,NA,NA,NA,NA,NA,NA
"710","SMC02075","Moderate",0,0,NA,NA,NA,NA,NA,NA,NA,NA,NA,NA,NA,NA,NA,NA
"711","SMC02075",NA,NA,NA,-0.0424,NA,NA,NA,0.0567,-0.00215,NA,0,-0.002,-0.003,-0.0228,NA,NA,NA
"712","SMC02075","Wet",NA,NA,NA,0,0,0,NA,NA,0,NA,NA,NA,NA,NA,NA,NA
"713","SMC02088","Dry",NA,NA,NA,NA,NA,NA,NA,NA,NA,-1,NA,NA,NA,NA,NA,NA
"714","SMC02088","Moderate",NA,NA,NA,NA,-15,NA,NA,NA,NA,NA,0.01,NA,NA,NA,NA,NA
"715","SMC02088","Wet",-44,NA,NA,-0.0492,NA,-24,NA,0,NA,NA,NA,0,NA,NA,NA,NA
"716","SMC02088",NA,NA,-12,4.7083,NA,NA,NA,0.92,NA,1,NA,NA,NA,0.5702,1,9.3945,3
"717","SMC02092","Wet",0,0,NA,0,0,0,-0.0309,NA,0,NA,NA,NA,NA,NA,NA,NA
"718","SMC02092",NA,NA,NA,0.9965,NA,NA,NA,NA,-0.022,NA,0,0,0.018,1.4871,NA,NA,NA
"719","SMC02139","Moderate",0,NA,NA,NA,NA,NA,NA,NA,NA,NA,NA,NA,NA,NA,NA,NA
"720","SMC02139","Wet",NA,0,NA,0,0,NA,NA,NA,NA,NA,NA,NA,NA,NA,NA,NA
"721","SMC02139",NA,NA,NA,-0.01795,NA,NA,0.5,0.0358,-0.07805,-0.5,-1,0.0114,0.0023,-0.012,NA,NA,NA
"722","SMC02152",NA,11,-6,37.616,-0.4455,NA,39,NA,-0.6562,-34,-32.5,NA,-0.02725,78.0279,NA,NA,NA
"723","SMC02152","Wet",NA,NA,NA,NA,-26,NA,NA,NA,NA,NA,0,NA,NA,NA,NA,NA
"724","SMC02152","Dry",NA,NA,NA,NA,NA,NA,-2.78,NA,NA,NA,NA,NA,NA,NA,NA,NA
"725","SMC02206",NA,-9,-35.5,10.2717,NA,34.5,82,-0.0312,-0.9203,-33,-56,0.002,0.0779,22.2567,-19,6.9929,-61
"726","SMC02206","Moderate",NA,NA,NA,0,NA,NA,NA,NA,NA,NA,NA,NA,NA,NA,NA,NA
"727","SMC02228",NA,30.5,NA,1039.9178,-0.0271,NA,15,-8.6616,-49.6738,NA,-7,-8.7382,-15.4404,1371.7177,0,-2294.0366,-9
"728","SMC02228","Moderate",NA,-4,NA,NA,-1,NA,NA,NA,NA,NA,NA,NA,NA,NA,NA,NA
"729","SMC02228","Wet",NA,NA,NA,NA,NA,NA,NA,NA,-94,NA,NA,NA,NA,NA,NA,NA
"730","SMC02270",NA,-7,-62,0.9493,NA,36,21,4e-04,0.0371,22,137,0.003,0.0575,1.1744,NA,NA,NA
"731","SMC02270","Wet",NA,NA,NA,-1e-04,NA,NA,NA,NA,NA,NA,NA,NA,NA,NA,NA,NA
"732","SMC02302",NA,15,-43,62.6623,NA,43,60,NA,-2.0867,NA,-30,0.0096,0.396,61.8867,NA,NA,NA
"733","SMC02302","Moderate",NA,NA,NA,0,NA,NA,NA,NA,NA,NA,NA,NA,NA,NA,NA,NA
"734","SMC02302","Dry",NA,NA,NA,NA,NA,NA,-0.001,NA,NA,NA,NA,NA,NA,NA,NA,NA
"735","SMC02302","Wet",NA,NA,NA,NA,NA,NA,NA,NA,-90,NA,NA,NA,NA,NA,NA,NA
"736","SMC02436",NA,-137,-85,117.3743,0,142,-45,46.3512,1.2997,NA,171,-0.115,-0.19355,259.30475,NA,NA,NA
"737","SMC02436","Moderate",NA,NA,NA,NA,NA,NA,NA,NA,-152,NA,NA,NA,NA,NA,NA,NA
"738","SMC02536",NA,NA,NA,2.0565,-0.0125,NA,26,NA,NA,-7,-10,NA,NA,6.5546,NA,NA,NA
"739","SMC02536","Dry",NA,NA,NA,NA,NA,NA,-2.76,-0.7,NA,NA,0,-0.2578,NA,NA,NA,NA
"740","SMC02536","Wet",-12,-65,NA,NA,-1,NA,NA,NA,NA,NA,NA,NA,NA,NA,NA,NA
"741","SMC02568","Wet",-2,NA,NA,NA,NA,NA,NA,NA,NA,-9,NA,NA,NA,NA,NA,NA
"742","SMC02568","Moderate",NA,NA,NA,NA,NA,NA,0.2,1.5,NA,NA,0,0,NA,NA,NA,NA
"743","SMC02568",NA,NA,0,NA,NA,NA,NA,NA,NA,NA,NA,NA,NA,NA,NA,NA,NA
"744","SMC02568","Dry",NA,NA,0,-0.0298,0,4,NA,NA,-4,NA,NA,NA,0,NA,NA,NA
"745","SMC02591","Wet",0,0,-0.0081,0,0,0,NA,NA,0,0,-0.0053,-0.0133,NA,NA,NA,NA
"746","SMC02591","Moderate",NA,NA,NA,NA,NA,NA,0,NA,NA,NA,NA,NA,NA,NA,NA,NA
"747","SMC02591",NA,NA,NA,NA,NA,NA,NA,NA,-2e-04,NA,NA,NA,NA,-0.0032,NA,NA,NA
"748","SMC02712","Wet",NA,NA,NA,NA,NA,NA,0,NA,NA,-1,0,NA,NA,NA,NA,NA
"749","SMC02712","Moderate",NA,-46,NA,NA,0,-2,NA,NA,0,NA,NA,0,NA,NA,NA,NA
"750","SMC02712",NA,-1,NA,NA,NA,NA,NA,NA,NA,NA,NA,NA,NA,NA,NA,NA,NA
"751","SMC02712","Dry",NA,NA,0,0,NA,NA,NA,0,NA,NA,NA,NA,0,NA,NA,NA
"752","SMC02884",NA,-127,-50.5,195.929,0,152,-28.5,-17.26735,-7.30515,19,166,-0.3906,NA,230.7629,NA,NA,NA
"753","SMC02884","Wet",NA,NA,NA,NA,NA,NA,NA,NA,NA,NA,NA,-0.7535,NA,NA,NA,NA
"754","SMC02902","Moderate",-248,NA,NA,NA,NA,NA,NA,NA,NA,NA,NA,NA,NA,NA,NA,NA
"755","SMC02902",NA,NA,-0.5,51.5496,-0.00265,46,21,-0.20645,-6.72905,-21.5,148.5,0.19545,0.62085,70.57875,1,21.3541,-9
"756","SMC02972","Moderate",NA,NA,NA,NA,0,NA,NA,NA,NA,-4,NA,NA,NA,NA,NA,NA
"757","SMC02972","Dry",NA,NA,NA,NA,NA,NA,NA,NA,0,NA,0.01,0,NA,NA,NA,NA
"758","SMC02972","Wet",2,0,0,0.0047,NA,0,NA,0,NA,NA,NA,NA,0,NA,NA,NA
"759","SMC02972",NA,NA,NA,NA,NA,NA,NA,0.13,NA,NA,NA,NA,NA,NA,NA,NA,NA
"760","SMC02984",NA,-9.5,NA,25.6213,-0.1111,10.5,29.5,-1.02155,-0.3514,NA,-19,NA,NA,55.3667,NA,NA,NA
"761","SMC02984","Wet",NA,NA,NA,NA,NA,NA,NA,NA,NA,NA,0,NA,NA,NA,NA,NA
"762","SMC02984","Moderate",NA,-81,NA,NA,NA,NA,NA,NA,-78,NA,NA,-0.34,NA,NA,NA,NA
"763","SMC03011",NA,-4.5,-71.5,-4.7711,NA,48.5,107.5,0.29975,1.64895,-31,-20.5,0.0251,0.21265,31.3816,NA,NA,NA
"764","SMC03011","Wet",NA,NA,NA,0,NA,NA,NA,NA,NA,NA,NA,NA,NA,NA,NA,NA
"765","SMC03216","Dry",NA,NA,NA,NA,NA,NA,NA,NA,NA,0,NA,NA,NA,NA,NA,NA
"766","SMC03216",NA,NA,NA,-0.007,5e-05,NA,NA,-0.00865,-0.00435,NA,NA,-0.0067,-0.0068,NA,NA,NA,NA
"767","SMC03216","Moderate",0,NA,NA,NA,NA,NA,NA,NA,0,NA,NA,NA,NA,NA,NA,NA
"768","SMC03216","Wet",NA,0,NA,NA,0,0,NA,NA,NA,NA,NA,NA,-0.0876,NA,NA,NA
"769","SMC03268",NA,-127,-78.5,306.2032,-1e-04,148.5,-13.5,-36.57315,-3.5303,19,166,-0.5185,-0.2732,391.9003,NA,NA,NA
"770","SMC03280","Moderate",NA,NA,NA,0,0,NA,NA,NA,NA,-3,NA,NA,NA,NA,NA,NA
"771","SMC03280",NA,NA,NA,-0.009,NA,NA,NA,-0.0029,-0.0074,NA,NA,-0.01545,-0.0171,-0.007,-7,2.5245,0
"772","SMC03280","Wet",0,NA,NA,NA,NA,-1,NA,NA,NA,NA,NA,NA,NA,NA,NA,NA
"773","SMC03280","Dry",NA,-1,NA,NA,NA,NA,NA,NA,0,NA,NA,NA,NA,NA,NA,NA
"774","SMC03304",NA,NA,NA,5.1246,NA,NA,NA,NA,NA,NA,NA,NA,NA,NA,NA,NA,NA
"775","SMC03304","Wet",NA,NA,NA,NA,147,NA,NA,NA,NA,NA,NA,NA,NA,NA,NA,NA
"776","SMC03438",NA,NA,NA,NA,-0.2639,NA,NA,NA,NA,-5,-13,NA,NA,1.1853,NA,NA,NA
"777","SMC03438","Moderate",NA,-46,NA,NA,-5,NA,NA,-0.1376,NA,NA,0,NA,NA,NA,NA,NA
"778","SMC03438","Wet",-3,NA,-0.8205,NA,NA,-6,-2.208,NA,NA,NA,NA,-0.3264,NA,NA,NA,NA
"779","SMC03523",NA,-7,-58.5,3.4028,NA,68,101.5,-0.002,-4.5264,-28,-49,0.0196,-0.3051,35.22055,-8,-2.4065,-63
"780","SMC03523","Moderate",NA,NA,NA,0,NA,NA,NA,NA,NA,NA,NA,NA,NA,NA,NA,NA
"781","SMC03944",NA,NA,NA,0.3988,-0.5735,NA,19,NA,NA,NA,-12,NA,0.1428,1.771,NA,NA,NA
"782","SMC03944","Dry",NA,NA,NA,NA,NA,NA,NA,NA,NA,NA,0,NA,NA,NA,NA,NA
"783","SMC03944","Wet",-2,NA,NA,NA,NA,NA,-2.76,-0.7,-61,NA,NA,NA,NA,NA,NA,NA
"784","SMC03944","Moderate",NA,-77,NA,NA,-1,NA,NA,NA,NA,NA,NA,NA,NA,NA,NA,NA
"785","SMC03984","Moderate",0,0,NA,0,NA,0,NA,NA,NA,NA,NA,NA,NA,NA,NA,NA
"786","SMC03984",NA,NA,NA,0.6796,NA,NA,NA,0.0078,-0.0805,NA,NA,-0.0061,-0.0078,0.5342,0,0.0088,0
"787","SMC03984","Wet",NA,NA,NA,NA,0,NA,NA,NA,NA,NA,NA,NA,NA,NA,NA,NA
"788","SMC03984","Dry",NA,NA,NA,NA,NA,NA,NA,NA,0,0,NA,NA,NA,NA,NA,NA
"789","SMC04000","Moderate",0,NA,NA,0,NA,0,NA,NA,NA,NA,NA,NA,NA,NA,NA,NA
"790","SMC04000","Wet",NA,0,NA,NA,0,NA,NA,NA,0,NA,NA,NA,NA,NA,NA,NA
"791","SMC04000",NA,NA,NA,0.1268,NA,NA,NA,-4e-04,-0.00325,NA,NA,-0.0012,-0.0015,0.1691,NA,NA,NA
"792","SMC04000","Dry",NA,NA,NA,NA,NA,NA,NA,NA,NA,0,NA,NA,NA,NA,NA,NA
"793","SMC04008","Wet",NA,NA,NA,0,NA,NA,NA,NA,NA,-48,NA,NA,NA,NA,NA,NA
"794","SMC04008",NA,NA,-49.5,61.4025,NA,26,43.5,-0.6817,-7.01875,-15.5,NA,0.0887,1.0865,99.1639,0,101.5857,-61
"795","SMC04008","Moderate",-44,NA,NA,NA,NA,NA,NA,NA,NA,NA,NA,NA,NA,NA,NA,NA
"796","SMC04175","Wet",-3,-3,NA,0,NA,-1,NA,NA,-8,NA,NA,NA,NA,NA,NA,NA
"797","SMC04175",NA,NA,NA,15.0663,NA,NA,NA,0.09245,-0.1492,NA,NA,-0.0924,-0.1914,10.5554,NA,NA,NA
"798","SMC04175","Moderate",NA,NA,NA,NA,0,NA,NA,NA,NA,-145,NA,NA,NA,NA,NA,NA
"799","SMC04204",NA,NA,-0.5,0.00665,-0.00345,NA,NA,-0.484,NA,NA,-25.5,NA,NA,0.00355,NA,NA,NA
"800","SMC04204","Wet",NA,NA,NA,NA,NA,NA,NA,NA,NA,NA,-0.02,-0.62,NA,NA,NA,NA
"801","SMC04204","Dry",-9,NA,NA,NA,0,NA,NA,0,-32,NA,NA,NA,NA,NA,NA,NA
"802","SMC04204","Moderate",NA,NA,NA,NA,NA,0,NA,NA,NA,NA,NA,NA,NA,NA,NA,NA
"803","SMC04239","Wet",-3,0,NA,NA,NA,0,NA,NA,0,NA,NA,NA,NA,NA,NA,NA
"804","SMC04239",NA,NA,NA,44.7713,NA,NA,NA,0.2384,-0.3276,NA,NA,-0.0231,0.05575,32.4393,NA,NA,NA
"805","SMC04239","Moderate",NA,NA,NA,0,0,NA,NA,NA,NA,NA,NA,NA,NA,NA,NA,NA
"806","SMC04239","Dry",NA,NA,NA,NA,NA,NA,NA,NA,NA,0,NA,NA,NA,NA,NA,NA
"807","SMC04264",NA,-10.5,-53.5,16.00235,NA,NA,54,-0.1845,-1.4084,-19.5,9,0.0237,0.341,30.36295,NA,NA,NA
"808","SMC04264","Wet",NA,NA,NA,0,NA,NA,NA,NA,NA,NA,NA,NA,NA,NA,NA,NA
"809","SMC04264","Moderate",NA,NA,NA,NA,-3,NA,NA,NA,NA,NA,NA,NA,NA,NA,NA,NA
"810","SMC04294",NA,-19,0.5,78.22975,NA,47,74.5,-0.4891,-2.03635,-29.5,-4,-0.7703,-1.0898,107.8145,0,23.637,-9
"811","SMC04294","Moderate",NA,NA,NA,0,NA,NA,NA,NA,NA,NA,NA,NA,NA,NA,NA,NA
"812","SMC04308",NA,NA,NA,106.04135,-0.0377,14,35.5,-0.1964,-1.2457,-24.5,18,-0.1133,-0.1431,116.9324,NA,NA,NA
"813","SMC04308","Moderate",-160,NA,NA,NA,NA,NA,NA,NA,NA,NA,NA,NA,NA,NA,NA,NA
"814","SMC04308","Wet",NA,-123,NA,NA,NA,NA,NA,NA,NA,NA,NA,NA,NA,NA,NA,NA
"815","SMC04383","Wet",0,0,NA,0,0,0,NA,NA,NA,0,NA,NA,NA,NA,NA,NA
"816","SMC04383",NA,NA,NA,-0.0065,NA,NA,NA,0.0028,-0.00515,NA,NA,-0.00045,-7e-04,-0.00235,NA,NA,NA
"817","SMC04383","Moderate",NA,NA,NA,NA,NA,NA,NA,NA,0,NA,NA,NA,NA,NA,NA,NA
"818","SMC04426","Wet",0,0,NA,NA,NA,NA,NA,NA,-1,0,NA,NA,NA,NA,NA,NA
"819","SMC04426",NA,NA,NA,-0.0037,NA,NA,NA,-0.0044,-0.0071,NA,NA,-0.0065,-0.0074,-0.009,NA,NA,NA
"820","SMC04426","Moderate",NA,NA,NA,0,0,NA,NA,NA,NA,NA,NA,NA,NA,NA,NA,NA
"821","SMC04426","Dry",NA,NA,NA,NA,NA,0,NA,NA,NA,NA,NA,NA,NA,NA,NA,NA
"822","SMC04682",NA,-1,-1,0.2889,NA,NA,NA,NA,0.11005,NA,4,0.0043,0.0591,0.1787,NA,NA,NA
"823","SMC04682","Wet",NA,NA,NA,0,0,0,0,NA,0,NA,NA,NA,NA,NA,NA,NA
"824","SMC04749",NA,NA,NA,36.6979,1e-04,NA,24,-0.0656,-0.02145,-24,84.5,0.02465,0.0687,32.4202,-6,-18.7445,-12
"825","SMC04749","Moderate",-125,NA,NA,NA,-1,NA,NA,NA,NA,NA,NA,NA,NA,NA,NA,NA
"826","SMC04749","Wet",NA,-1,NA,NA,NA,NA,NA,NA,NA,NA,NA,NA,NA,NA,NA,NA
"827","SMC04750",NA,NA,NA,0.2392,-0.3253,NA,21,-0.4755,-0.5168,NA,-19,NA,0.2053,1.8957,NA,NA,NA
"828","SMC04750","Dry",NA,NA,NA,NA,NA,NA,NA,NA,-43,NA,0,NA,NA,NA,NA,NA
"829","SMC04750","Moderate",-12,-40,NA,NA,NA,NA,NA,NA,NA,NA,NA,NA,NA,NA,NA,NA
"830","SMC04750","Wet",NA,NA,NA,NA,-4,NA,NA,NA,NA,NA,NA,NA,NA,NA,NA,NA
"831","SMC04756",NA,-137,-75,89.903,-1e-04,NA,-14,-11.41905,0.8779,4.5,173.5,-0.0716,-0.10975,192.18305,NA,NA,NA
"832","SMC04756","Dry",NA,NA,NA,NA,-159,NA,NA,NA,NA,NA,NA,NA,NA,NA,NA,NA
"833","SMC04806",NA,6.5,-27.5,64.73245,1e-04,56.5,139,-0.15085,-0.74655,-64,NA,NA,NA,115.2989,-2,57.255,-27
"834","SMC04880","Wet",NA,-41,NA,0,0,NA,0,NA,0,-9,0,NA,-0.0749,NA,NA,NA
"835","SMC04880","Moderate",-10,NA,-1.1,NA,NA,-2,NA,0,NA,NA,NA,0,NA,NA,NA,NA
"836","SMC05146","Wet",-3,-3,NA,NA,NA,NA,NA,NA,NA,NA,NA,NA,NA,NA,NA,NA
"837","SMC05146",NA,NA,NA,-0.15755,NA,NA,-0.5,1.09615,1.10115,0.5,1.5,0.02715,0.03885,0.3411,NA,NA,NA
"838","SMC05146","Moderate",NA,NA,NA,0,0,NA,NA,NA,NA,NA,NA,NA,NA,NA,NA,NA
"839","SMC05199","Moderate",NA,NA,NA,NA,0,0,NA,NA,-13,-144,NA,NA,NA,NA,NA,NA
"840","SMC05199",NA,NA,NA,26.6461,NA,NA,NA,-0.0342,-0.135,NA,NA,-0.077,-0.21515,12.1592,NA,NA,NA
"841","SMC05199","Wet",-1,-1,NA,0,NA,NA,NA,NA,NA,NA,NA,NA,NA,NA,NA,NA
"842","SMC05230",NA,-81,-16,2006.32695,0.0013,185.5,16,-5.1569,146.446,-76,126.5,-2.7259,-1.6234,2872.75245,NA,NA,NA
"843","SMC05296","Wet",0,NA,NA,NA,0,0,NA,NA,NA,-1,NA,NA,NA,NA,NA,NA
"844","SMC05296",NA,NA,NA,-0.62255,NA,NA,NA,-0.0878,-1.29655,NA,NA,0.1701,0.0345,3.50905,0.5,-32.65865,-30.5
"845","SMC05296","Dry",NA,0,NA,NA,NA,NA,NA,NA,NA,NA,NA,NA,NA,NA,NA,NA
"846","SMC05296","Moderate",NA,NA,NA,0,NA,NA,NA,NA,-1,NA,NA,NA,NA,NA,NA,NA
"847","SMC05402","Dry",-4,-3,NA,NA,NA,-6,NA,NA,-3,-80,NA,NA,NA,NA,NA,NA
"848","SMC05402",NA,NA,NA,1.2875,NA,NA,NA,-0.1175,-0.1538,NA,NA,-0.0955,-0.0225,1.5432,-1,15.4036,-2
"849","SMC05402","Moderate",NA,NA,NA,0,NA,NA,NA,NA,NA,NA,NA,NA,NA,NA,NA,NA
"850","SMC05402","Wet",NA,NA,NA,NA,-1,NA,NA,NA,NA,NA,NA,NA,NA,NA,NA,NA
"851","SMC05702",NA,-201,37.5,72.36055,0.02645,133,26.5,-0.88765,-0.2952,-6,156.5,0.07495,0.4956,106.9374,1,67.0398,-8
"852","SMC05759","Wet",-19,-12,NA,NA,0,0,NA,NA,-15,0,NA,NA,NA,NA,NA,NA
"853","SMC05759",NA,NA,NA,240.6445,NA,NA,NA,0.0025,3.9839,NA,NA,1.0463,0.0332,159.7517,NA,NA,NA
"854","SMC05759","Moderate",NA,NA,NA,0,NA,NA,NA,NA,NA,NA,NA,NA,NA,NA,NA,NA
"855","SMC05902",NA,-8,-27,2.1081,NA,36,45,NA,0.6325,NA,10.5,0.03165,0.33545,3.942,-4.5,11.5052,-14.5
"856","SMC05902","Moderate",NA,NA,NA,0,NA,NA,-0.1077,NA,NA,NA,NA,NA,NA,NA,NA,NA
"857","SMC05902","Wet",NA,NA,NA,NA,NA,NA,NA,NA,-40,NA,NA,NA,NA,NA,NA,NA
"858","SMC05956",NA,-127,-52,184.48885,0,152,-62.5,-4.6348,7.38975,23,166,-0.329,-0.2067,205.4163,NA,NA,NA
"859","SMC06079","Moderate",NA,NA,NA,NA,0,0,NA,NA,NA,0,NA,NA,NA,NA,NA,NA
"860","SMC06079",NA,NA,NA,0.5493,NA,NA,NA,0.0037,-0.0153,NA,NA,-0.00215,-0.0038,0.6762,-13,3.4049,0
"861","SMC06079","Wet",0,0,NA,0,NA,NA,NA,NA,0,NA,NA,NA,NA,NA,NA,NA
"862","SMC06216","Moderate",NA,-1,NA,NA,NA,NA,NA,NA,-5,-1,NA,NA,NA,NA,NA,NA
"863","SMC06216",NA,-0.5,NA,0.89975,NA,NA,NA,-0.07505,-0.04385,NA,NA,-0.0632,-0.08635,-0.0408,0,23.364,-1
"864","SMC06216","Wet",NA,NA,NA,0,-1,NA,NA,NA,NA,NA,NA,NA,NA,NA,NA,NA
"865","SMC06216","Dry",NA,NA,NA,NA,NA,-2,NA,NA,NA,NA,NA,NA,NA,NA,NA,NA
"866","SMC06298","Wet",0,NA,NA,NA,NA,NA,NA,NA,0,NA,NA,NA,NA,NA,NA,NA
"867","SMC06298",NA,NA,0.5,0.10155,0.00035,-0.5,-0.5,0.11155,0.21165,NA,0,-0.0078,-0.0139,-0.0924,NA,NA,NA
"868","SMC06302",NA,-17.5,-60.5,100.26785,NA,37.5,61.5,-0.2623,-10.78555,-24.5,-7,0.03755,0.04945,123.0032,-11,28.4367,-54
"869","SMC06302","Moderate",NA,NA,NA,0,NA,NA,NA,NA,NA,NA,NA,NA,NA,NA,NA,NA
"870","SMC06356",NA,0.5,NA,105.14125,-0.0378,14,35,-0.2011,-1.27585,-24.5,16,-0.11535,-0.1537,116.36795,NA,NA,NA
"871","SMC06356","Moderate",NA,-158,NA,NA,NA,NA,NA,NA,NA,NA,NA,NA,NA,NA,NA,NA
"872","SMC06467","Wet",0,0,NA,0,0,0,NA,NA,0,0,NA,NA,NA,NA,NA,NA
"873","SMC06467",NA,NA,NA,0.0289,NA,NA,NA,-2e-04,-2e-04,NA,NA,-0.00035,-0.00055,0.01385,NA,NA,NA
"874","SMC06740",NA,-9,-56,6.4322,NA,62,72,NA,-3.0148,-26,-5,0.001,-4.9086,32.2692,10,-0.8715,-27
"875","SMC06740","Wet",NA,NA,NA,0,NA,NA,0,NA,NA,NA,NA,NA,NA,NA,NA,NA
"876","SMC06794",NA,-0.5,-0.5,-0.15865,1e-04,NA,2,-0.84285,-1.04445,-2,-2.5,0.0182,0.00805,-0.01525,NA,NA,NA
"877","SMC06794","Wet",NA,NA,NA,NA,0,NA,NA,NA,NA,NA,NA,NA,NA,NA,NA,NA
"878","SMC06863","Wet",0,0,NA,0,NA,0,NA,NA,0,0,NA,-0.013,NA,0,NA,0
"879","SMC06863",NA,NA,NA,0.0081,NA,NA,NA,0.0041,-0.01445,NA,NA,-0.00525,NA,0.08545,NA,0.64215,NA
"880","SMC06863","Moderate",NA,NA,NA,NA,0,NA,NA,NA,NA,NA,NA,NA,NA,NA,NA,NA
"881","SMC06918",NA,35,NA,45.8826,-0.02795,33.5,55,-0.02585,-0.2203,-23,-85,-0.1037,-0.1685,67.14155,NA,NA,NA
"882","SMC06918","Moderate",NA,-7,NA,NA,NA,NA,NA,NA,NA,NA,NA,NA,NA,NA,NA,NA
"883","SMC06926","Wet",0,NA,NA,NA,0,NA,NA,0,NA,NA,NA,NA,NA,NA,NA,NA
"884","SMC06926",NA,NA,0.5,4.6773,-5e-05,NA,3,NA,NA,-3,-4,NA,NA,2.34605,NA,NA,NA
"885","SMC06926","Moderate",NA,NA,NA,NA,NA,NA,0,NA,NA,NA,0,0,NA,NA,NA,NA
"886","SMC07126",NA,-38,-30,61.275,-0.211,34,64,-2.0692,-2.8443,-30,-50,0,0.53435,132.4642,NA,NA,NA
"887","SMC08094",NA,26,NA,20.79875,-0.0131,13,37,-0.1057,-0.4096,-18,-39.5,-0.13695,-0.19075,28.4295,NA,NA,NA
"888","SMC08094","Moderate",NA,-163,NA,NA,NA,NA,NA,NA,NA,NA,NA,NA,NA,NA,NA,NA
"889","SMC08150",NA,-61.5,NA,217.0695,-0.0082,134,21,-0.64445,-2.6818,-21,101.5,-1.0783,-117.74485,307.8542,1,-732.4539,-7
"890","SMC08150","Moderate",NA,-2,NA,NA,NA,NA,NA,NA,NA,NA,NA,NA,NA,NA,NA,NA
"891","SMC08655","Wet",0,NA,NA,0,NA,NA,NA,NA,0,-1,NA,NA,NA,NA,NA,0
"892","SMC08655",NA,NA,NA,-0.04475,NA,NA,NA,NA,-0.0132,NA,NA,-0.0054,-0.0067,0.20705,0.5,0.3055,NA
"893","SMC08655","Moderate",NA,0,NA,NA,0,0,-0.0099,NA,NA,NA,NA,NA,NA,NA,NA,NA
"894","SMC08766",NA,NA,NA,493.6107,NA,13.5,53.5,-3.76485,-6.2051,-15,-4,-4.57,-6.4718,1204.16455,NA,NA,NA
"895","SMC08766","Moderate",-190,NA,NA,NA,NA,NA,NA,NA,NA,NA,NA,NA,NA,NA,NA,NA
"896","SMC08766","Wet",NA,-86,NA,0,NA,NA,NA,NA,NA,NA,NA,NA,NA,NA,NA,NA
"897","SMC08845","Moderate",NA,NA,NA,-0.0807,NA,NA,NA,NA,14,5,NA,0.108,NA,NA,NA,NA
"898","SMC08845","Dry",NA,NA,NA,NA,NA,NA,NA,NA,NA,NA,0,NA,0,NA,NA,NA
"899","SMC08845","Wet",-5,-20,NA,NA,-1,-20,0.15,0.399,NA,NA,NA,NA,NA,NA,NA,NA
"900","SMC08845",NA,NA,NA,0.0721,NA,NA,NA,NA,NA,NA,NA,NA,NA,NA,NA,NA,NA
"901","SMC09118",NA,25.5,-4.5,32.61445,-0.0197,30,41.5,-0.1279,-0.4371,-22.5,-44,-0.1826,-0.2078,42.65905,NA,NA,NA
"902","SMC09286",NA,NA,NA,244.5816,-0.0275,76,64,-0.5321,-0.7888,-29.5,-45.5,-1.3544,-1.71015,432.81425,NA,NA,NA
"903","SMC09286","Moderate",-222,NA,NA,NA,NA,NA,NA,NA,NA,NA,NA,NA,NA,NA,NA,NA
"904","SMC09286","Wet",NA,-3,NA,NA,NA,NA,NA,NA,NA,NA,NA,NA,NA,NA,NA,NA
"905","SMC09325",NA,1,1,2.678,0,73,5,0,0.548,-5,-6,0,0,9.8779,NA,NA,NA
"906","SMC09503","Moderate",NA,0,NA,0,NA,NA,NA,NA,NA,-1,NA,NA,NA,NA,NA,NA
"907","SMC09503",NA,NA,NA,-0.0085,NA,NA,NA,0.00285,0.002,NA,NA,-0.00095,-0.0014,-0.00085,NA,NA,NA
"908","SMC09503","Wet",0,NA,NA,NA,0,0,NA,NA,0,NA,NA,NA,NA,NA,NA,NA
"909","SMC09534","Dry",-264,NA,NA,NA,NA,NA,NA,NA,NA,NA,NA,NA,NA,NA,NA,NA
"910","SMC09534",NA,NA,76,596.00825,-0.05565,122.5,67,-0.6546,-2.31405,-26.5,151,0.0928,-2.7168,1735.32845,NA,NA,NA
"911","SMC10685",NA,43,NA,629.86885,-0.173,-17,NA,NA,NA,-31.5,-45,NA,1.1245,508.6346,NA,NA,NA
"912","SMC10685","Dry",NA,-27,NA,NA,NA,-53,-2.788,-3.6468,NA,NA,0,NA,NA,NA,NA,NA
"913","SMC11343","Moderate",-4,-3,NA,-0.0763,0,NA,NA,NA,0,-98,NA,NA,NA,NA,NA,NA
"914","SMC11343",NA,NA,NA,26.1395,NA,NA,NA,0.0661,0.1783,NA,NA,0.4202,0.96505,11.66355,NA,89.2908,NA
"915","SMC11343","Wet",NA,NA,NA,NA,NA,0,NA,NA,NA,NA,NA,NA,NA,-5,NA,0
"916","SMC11384","Wet",NA,NA,NA,NA,NA,-6,NA,NA,NA,-75,NA,-0.1749,NA,NA,NA,NA
"917","SMC11384","Dry",-53,-57,NA,NA,-1,NA,NA,NA,NA,NA,0,NA,NA,NA,NA,NA
"918","SMC11384","Moderate",NA,NA,-1.1226,NA,NA,NA,NA,-0.1105,-14,NA,NA,NA,NA,NA,NA,NA
"919","SMC11384",NA,NA,NA,NA,-0.7424,NA,NA,0.0405,NA,NA,NA,NA,NA,0.2118,NA,NA,NA
"920","SMC11727","Moderate",NA,NA,NA,0,NA,NA,NA,NA,NA,0,NA,NA,NA,NA,NA,NA
"921","SMC11727",NA,NA,NA,0.2032,NA,NA,NA,0.0078,-0.0307,NA,NA,-0.0121,-0.014,-0.0497,0.5,1.4848,NA
"922","SMC11727","Wet",0,NA,NA,NA,0,0,NA,NA,0,NA,NA,NA,NA,NA,NA,0
"923","SMC11727","Dry",NA,0,NA,NA,NA,NA,NA,NA,NA,NA,NA,NA,NA,NA,NA,NA
"924","SMC12814","Dry",-53,NA,NA,NA,NA,-36,-2.0567,NA,NA,-13,NA,NA,NA,NA,NA,NA
"925","SMC12814","Wet",NA,NA,NA,NA,0,NA,NA,0.2,-2,NA,0,NA,NA,NA,NA,NA
"926","SMC12814",NA,NA,NA,0.2293,-0.6963,NA,NA,NA,NA,NA,NA,NA,0.3371,0.0458,NA,NA,NA
"927","SMC12814","Moderate",NA,-56,NA,NA,NA,NA,NA,NA,NA,NA,NA,NA,NA,NA,NA,NA
"928","SMC12862",NA,29.5,NA,339.2599,-0.0207,NA,19,-2.6416,-20.1017,-13,-44,-4.3713,-7.6976,720.6841,NA,NA,NA
"929","SMC12862","Wet",NA,-52,NA,NA,NA,NA,NA,NA,NA,NA,NA,NA,NA,NA,NA,NA
"930","SMC12862","Moderate",NA,NA,NA,NA,0,NA,NA,NA,NA,NA,NA,NA,NA,NA,NA,NA
"931","SMC13062",NA,34,-1,71.8344,-0.0465,47,61,-0.029,-0.6218,-22,-87,-0.1173,-0.1348,71.3533,NA,NA,NA
"932","SMC13214",NA,36.5,36.5,2295.0988,0.05025,-0.5,12.5,0.42755,-88.3715,-13,-77.5,0.4086,252.5664,1941.46145,NA,NA,NA
"933","SMC13599","Wet",0,0,NA,NA,0,0,NA,NA,NA,0,NA,NA,NA,NA,NA,NA
"934","SMC13599",NA,NA,NA,-0.0081,NA,NA,NA,0.0029,-0.0056,NA,NA,-0.00055,-0.00085,-0.00055,NA,NA,NA
"935","SMC13599","Moderate",NA,NA,NA,0,NA,NA,NA,NA,0,NA,NA,NA,NA,NA,NA,NA
"936","SMC13630",NA,-155,NA,408.76105,-0.0478,105,70.5,-0.0456,-27.95515,-35,126,0.0843,0.4834,1280.8167,NA,NA,NA
"937","SMC13630","Wet",NA,-11,NA,NA,NA,NA,NA,NA,NA,NA,NA,NA,NA,NA,NA,NA
"938","SMC14099",NA,-30,-69,10.475,NA,48,76,NA,-1.4339,-29,-43,0.0061,0.0155,29.5019,NA,NA,NA
"939","SMC14099","Wet",NA,NA,NA,0,NA,NA,-0.397,NA,NA,NA,NA,NA,NA,NA,NA,NA
"940","SMC15678",NA,-155,87,502.52545,-0.0605,138.5,79,-0.0667,-0.0258,-9,197.5,0.5048,2.3622,1736.2914,NA,NA,NA
"941","SMC16446","Wet",-10,-10,NA,0,0,-1,NA,NA,NA,NA,NA,NA,NA,NA,NA,NA
"942","SMC16446",NA,NA,NA,11.4444,NA,NA,NA,-0.0181,-0.0306,-1.5,2,-0.0506,-0.0383,14.788,NA,NA,NA
"943","SMC16832",NA,-4,13.5,928.79295,-0.04155,53.5,64.5,-2.65435,-2.02945,-58,-0.5,-2.33605,-3.4267,1259.70525,NA,NA,NA
"944","SMC16980",NA,-0.5,NA,16.4904,NA,NA,NA,-0.0247,-0.0979,NA,98,0.06295,0.16415,10.2146,NA,NA,NA
"945","SMC16980","Wet",NA,0,NA,0,0,0,NA,NA,-1,NA,NA,NA,NA,NA,NA,NA
"946","SMC18545","Wet",0,0,NA,0,0,NA,NA,NA,0,0,NA,NA,NA,NA,NA,NA
"947","SMC18545",NA,NA,NA,0.0213,NA,NA,NA,-0.00185,-0.0217,NA,NA,-0.0029,-0.00405,-0.03235,0,0.0686,0
"948","SMC18545","Moderate",NA,NA,NA,NA,NA,0,NA,NA,NA,NA,NA,NA,NA,NA,NA,NA
"949","SMC19809","Wet",0,0,NA,0,0,0,NA,NA,0,0,NA,NA,NA,NA,NA,NA
"950","SMC19809",NA,NA,NA,-0.0068,NA,NA,NA,0.00285,0.0013,NA,NA,-5e-04,-7e-04,-0.0026,NA,NA,NA
"951","SMC19945","Wet",0,0,NA,0,NA,NA,NA,NA,0,0,-0.014,NA,NA,NA,NA,NA
"952","SMC19945",NA,NA,NA,-0.041,NA,NA,NA,-0.0021,-0.0078,NA,NA,NA,-0.0059,0.19865,0,0.3302,0
"953","SMC19945","Moderate",NA,NA,NA,NA,0,0,NA,NA,NA,NA,NA,NA,NA,NA,NA,NA
"954","SMC20032",NA,-98,13,839.9279,-0.04445,59,62.5,-1.07665,-26.4729,-30.5,24.5,-1.5085,-1.78625,1408.21015,NA,NA,NA
"955","SMC20994","Dry",NA,-81,NA,NA,NA,NA,NA,-2.4931,NA,-114,NA,NA,NA,NA,NA,NA
"956","SMC20994","Moderate",-58,NA,NA,NA,NA,NA,NA,NA,NA,NA,0,NA,NA,NA,NA,NA
"957","SMC20994",NA,NA,NA,1.05895,-0.0286,7.5,30.5,-0.3268,NA,-6,NA,NA,0.43,3.3625,NA,NA,NA
"958","SMC21796",NA,-18,-70,828.9968,NA,44,102.5,NA,-75.04515,-64,-63,0.2773,-0.0347,1068.70875,-15.5,1051.13865,-34
"959","SMC21796","Wet",NA,NA,NA,0,NA,NA,-26.4966,NA,NA,NA,NA,NA,NA,NA,NA,NA
"960","SMC21822",NA,71,71,1160.8572,0.0675,0,34,2.1021,-899.4244,-9,-6,0.1553,237.2091,1288.9842,7,1740.9871,-12
"961","SMC24222",NA,44,44,1292.908,0.0522,NA,33,2.1153,-82.0851,-9,-7,0.165,258.3513,1170.5146,NA,NA,NA
"962","SMC24222","Wet",NA,NA,NA,NA,0,NA,NA,NA,NA,NA,NA,NA,NA,NA,NA,NA
"963","SMC29064","Dry",-4,-4,NA,NA,0,NA,0,NA,NA,-1,0,NA,NA,NA,NA,NA
"964","SMC29064","Moderate",NA,NA,0,0,NA,NA,NA,NA,NA,NA,NA,0,NA,NA,NA,NA
"965","SMC29064","Wet",NA,NA,NA,NA,NA,0,NA,0,0,NA,NA,NA,-0.0089,NA,NA,NA
"966","SMC34888",NA,-2,-1,0.28035,0,-1,-1,-0.0408,-0.00115,-5,-1,0.0348,0.023,-0.1115,NA,NA,NA
"967","SMC35837","Moderate",0,NA,NA,NA,0,0,NA,NA,NA,NA,NA,NA,NA,NA,NA,NA
"968","SMC35837","Wet",NA,0,NA,0,NA,NA,NA,NA,-3,1,NA,NA,NA,NA,NA,NA
"969","SMC35837",NA,NA,NA,2.3273,NA,NA,NA,-0.0357,-0.0368,NA,NA,-0.0295,-0.0257,1.2948,NA,NA,NA
"970","SMC40887","Dry",NA,NA,NA,NA,NA,NA,NA,NA,NA,-94,NA,NA,NA,NA,NA,NA
"971","SMC40887",NA,-6,-25,188.9927,4e-04,NA,7.5,-4.21375,14.1746,-0.5,NA,-0.0063,0.6163,421.5245,NA,NA,NA
"972","SMC40887","Wet",NA,NA,NA,NA,-1,NA,NA,NA,NA,NA,NA,NA,NA,NA,NA,NA
"973","SMCR8_007","Moderate",NA,0,NA,NA,0,0,NA,NA,NA,0,NA,NA,NA,NA,NA,NA
"974","SMCR8_007",NA,NA,NA,-0.0118,NA,NA,NA,-0.0025,-0.0129,NA,NA,-0.0084,-0.00815,-0.0117,NA,NA,NA
"975","SMCR8_007","Wet",0,NA,NA,0,NA,NA,NA,NA,NA,NA,NA,NA,NA,NA,NA,NA
"976","SMCR8_007","Dry",NA,NA,NA,NA,NA,NA,NA,NA,0,NA,NA,NA,NA,NA,NA,NA
"977","SMCR8_011",NA,36,36,4.3481,-0.0092,NA,22,-0.0269,-0.038,-19,-42,-0.0404,-0.0592,3.2401,0,26.2732,-2
"978","SMCR8_011","Wet",NA,NA,NA,NA,0,NA,NA,NA,NA,NA,NA,NA,NA,NA,NA,NA
"979","SMCR8_012","Moderate",-13,-77,NA,NA,-13,NA,NA,-0.7,-36,-94,0,NA,NA,NA,NA,NA
"980","SMCR8_012",NA,NA,NA,0.4615,-0.5768,NA,24,-2.0328,NA,NA,NA,NA,0.2005,1.8463,NA,NA,NA
"981","SMCR8_019","Wet",NA,NA,NA,-0.3045,NA,NA,NA,NA,NA,-17,NA,NA,NA,NA,NA,NA
"982","SMCR8_019","Moderate",NA,NA,-1.8723,NA,0,NA,NA,0.1,0,NA,0.06,NA,0.1,NA,NA,NA
"983","SMCR8_019",NA,NA,-8,NA,NA,NA,NA,NA,NA,NA,NA,NA,0.0057,NA,-4,0.1693,0
"984","SMCR8_019","Dry",-10,NA,NA,NA,NA,-1,0.03,NA,NA,NA,NA,NA,NA,NA,NA,NA
"985","SMCR8_020","Wet",NA,0,NA,NA,NA,0,0,0,NA,0,NA,NA,NA,NA,NA,NA
"986","SMCR8_020","Dry",NA,NA,0,NA,NA,NA,NA,NA,0,NA,0,0,0,NA,NA,NA
"987","SMCR8_020","Moderate",0,NA,NA,0,0,NA,NA,NA,NA,NA,NA,NA,NA,NA,NA,NA
"988","SMCR8_025","Moderate",NA,-3,NA,NA,0,NA,0,0,0,-1,0,NA,0,NA,NA,NA
"989","SMCR8_025","Wet",NA,NA,NA,0,NA,NA,NA,NA,NA,NA,NA,0,NA,NA,NA,NA
"990","SMCR8_025","Dry",-2,NA,0,NA,NA,-2,NA,NA,NA,NA,NA,NA,NA,NA,NA,NA
"991","SMCR8_028","Dry",NA,NA,NA,NA,NA,NA,NA,0,1,1,0.1,NA,NA,NA,NA,NA
"992","SMCR8_028","Wet",NA,NA,NA,NA,NA,NA,NA,NA,NA,NA,NA,0.1,NA,NA,NA,NA
"993","SMCR8_028","Moderate",12,12,0,-0.02,0,-1,0,NA,NA,NA,NA,NA,0,NA,NA,NA
"994","SMCR8_034","Dry",NA,NA,NA,0,0,NA,NA,NA,NA,0,NA,NA,NA,NA,NA,NA
"995","SMCR8_034","Wet",NA,NA,NA,NA,NA,NA,0,NA,0,NA,0,0,NA,NA,NA,NA
"996","SMCR8_034","Moderate",0,0,NA,NA,NA,0,NA,0,NA,NA,NA,NA,NA,NA,NA,NA
"997","SMCR8_034",NA,NA,NA,0.2761,NA,NA,NA,NA,NA,NA,NA,NA,NA,0.00525,NA,NA,NA
"998","SMCR8_035","Dry",NA,NA,0,0,NA,NA,0,0,0,-1,NA,NA,0,NA,NA,NA
"999","SMCR8_035","Moderate",NA,NA,NA,NA,NA,NA,NA,NA,NA,NA,0,0,NA,NA,NA,NA
"1000","SMCR8_035","Wet",-12,-12,NA,NA,0,0,NA,NA,NA,NA,NA,NA,NA,NA,NA,NA
"1001","SMCR8_042",NA,-96.5,-120,85.1474,-1e-04,116,-5.5,-1.19515,-1.27305,27,160,-0.745,-0.5223,175.4,NA,NA,NA
"1002","SMCR8_046","Wet",0,0,NA,0,0,-1,NA,NA,-1,0,NA,NA,NA,NA,NA,NA
"1003","SMCR8_046",NA,NA,NA,0.028,NA,NA,NA,-0.00025,-7e-04,NA,NA,-4e-04,-0.00055,0.01195,NA,NA,NA
"1004","SMCR8_048",NA,-104,-109,15.31825,-5e-04,103,148,-0.1841,-2.4263,11,132,-0.187,-0.173,48.56445,NA,NA,NA
"1005","SMCR8_057","Wet",NA,NA,NA,NA,NA,NA,NA,NA,NA,0,NA,NA,NA,NA,NA,NA
"1006","SMCR8_057","Dry",NA,NA,NA,NA,0,NA,NA,NA,0,NA,0,0,0,NA,NA,NA
"1007","SMCR8_057","Moderate",0,NA,0,NA,NA,NA,NA,NA,NA,NA,NA,NA,NA,NA,NA,NA
"1008","SMCR8_057",NA,NA,0,NA,0,NA,0,0,0,NA,NA,NA,NA,NA,NA,NA,NA
"1009","SMCR8_062","Dry",NA,NA,NA,-0.02,0,-1,NA,NA,1,1,NA,NA,0,NA,NA,NA
"1010","SMCR8_062","Wet",NA,12,NA,NA,NA,NA,NA,0,NA,NA,0.1,0.1,NA,NA,NA,NA
"1011","SMCR8_062","Moderate",12,NA,0,NA,NA,NA,0,NA,NA,NA,NA,NA,NA,NA,NA,NA
"1012","SMCR8_069","Dry",NA,NA,0,NA,NA,NA,NA,NA,0,0,0,0,NA,NA,NA,NA
"1013","SMCR8_069","Wet",0,0,NA,0,NA,0,0,0,NA,NA,NA,NA,NA,NA,NA,NA
"1014","SMCR8_069","Moderate",NA,NA,NA,NA,0,NA,NA,NA,NA,NA,NA,NA,0,NA,NA,NA
"1015","SMCR8_070","Moderate",NA,-1,NA,NA,0,NA,NA,NA,NA,0,-0.0038,NA,NA,NA,NA,0
"1016","SMCR8_070",NA,NA,NA,-0.0028,NA,NA,NA,-0.00235,-0.00305,NA,NA,NA,-0.0011,-0.00325,0.5,0.0913,NA
"1017","SMCR8_070","Dry",-1,NA,NA,0,NA,NA,NA,NA,NA,NA,NA,NA,NA,NA,NA,NA
"1018","SMCR8_070","Wet",NA,NA,NA,NA,NA,-1,NA,NA,0,NA,NA,NA,NA,NA,NA,NA
"1019","SMCR8_074","Moderate",NA,NA,NA,NA,NA,NA,NA,NA,NA,-2,0,0,NA,NA,NA,NA
"1020","SMCR8_074","Dry",-41,-46,0,0,0,NA,0,0,0,NA,NA,NA,0,NA,NA,NA
"1021","SMCR8_074","Wet",NA,NA,NA,NA,NA,0,NA,NA,NA,NA,NA,NA,NA,NA,NA,NA
"1022","SMCR8_080","Moderate",NA,NA,NA,0,NA,NA,NA,NA,NA,-15,NA,NA,NA,NA,NA,NA
"1023","SMCR8_080","Dry",-7,NA,0,NA,1,NA,0,0,0,NA,0,NA,0,NA,NA,NA
"1024","SMCR8_080","Wet",NA,-8,NA,NA,NA,0,NA,NA,NA,NA,NA,0,NA,NA,NA,NA
"1025","SMCR8_105","Wet",0,NA,NA,NA,NA,NA,NA,NA,NA,NA,NA,NA,NA,NA,NA,NA
"1026","SMCR8_105",NA,NA,0.5,4.5206,1e-04,-0.5,0.5,4.1214,-2.2372,-1,-2,0,0.0468,-0.24355,NA,NA,NA
"1027","SMCR8_106","Dry",NA,NA,0,NA,NA,NA,0,0,0,-6,NA,0,0,NA,NA,NA
"1028","SMCR8_106","Moderate",NA,NA,NA,0,1,1,NA,NA,NA,NA,0,NA,NA,NA,NA,NA
"1029","SMCR8_106","Wet",-7,-8,NA,NA,NA,NA,NA,NA,NA,NA,NA,NA,NA,NA,NA,NA
"1030","SMCR8_147","Moderate",NA,NA,NA,NA,NA,0,NA,NA,0,-5,NA,NA,0,NA,NA,NA
"1031","SMCR8_147","Dry",NA,-5,0,NA,NA,NA,NA,NA,NA,NA,0,NA,NA,NA,NA,NA
"1032","SMCR8_147","Wet",-1,NA,NA,NA,0,NA,0,0,NA,NA,NA,0,NA,NA,NA,NA
"1033","SMCR8_147",NA,NA,NA,NA,-5e-04,NA,NA,NA,NA,NA,NA,NA,NA,NA,NA,NA,NA
"1034","SMCR8_151","Wet",-69,NA,NA,NA,NA,NA,NA,NA,NA,-162,NA,NA,NA,NA,NA,NA
"1035","SMCR8_151","Dry",NA,NA,NA,NA,NA,-53,NA,NA,NA,NA,0,NA,NA,NA,NA,NA
"1036","SMCR8_151",NA,NA,37,759.7984,-0.1457,-16,NA,-0.7,1.9309,-32.5,NA,NA,1.3857,648.6208,NA,NA,NA
"1037","SMCR8_155","Dry",-6,-7,0,NA,NA,-1,0,0,NA,-1,0,NA,0,NA,NA,NA
"1038","SMCR8_155","Moderate",NA,NA,NA,NA,NA,NA,NA,NA,NA,NA,NA,0,NA,NA,NA,NA
"1039","SMCR8_155",NA,NA,NA,NA,-0.0024,NA,NA,NA,NA,NA,NA,NA,NA,NA,NA,NA,NA
"1040","SMCR8_155","Wet",NA,NA,NA,NA,0,NA,NA,NA,0,NA,NA,NA,NA,NA,NA,NA
"1041","SMCR8_160","Moderate",0,NA,NA,0,0,0,NA,NA,NA,-2,NA,NA,NA,NA,NA,NA
"1042","SMCR8_160",NA,NA,NA,-0.0523,NA,NA,NA,-0.0565,-0.1497,NA,NA,-0.0304,0.0307,-0.073,15,14.7973,-1
"1043","SMCR8_160","Wet",NA,0,NA,NA,NA,NA,NA,NA,NA,NA,NA,NA,NA,NA,NA,NA
"1044","SMCR8_160","Dry",NA,NA,NA,NA,NA,NA,NA,NA,-1,NA,NA,NA,NA,NA,NA,NA
"1045","SMCR8_163","Moderate",NA,NA,NA,0,0,0,NA,NA,0,-4,NA,NA,0,NA,NA,NA
"1046","SMCR8_163","Dry",NA,NA,0,NA,NA,NA,NA,NA,NA,NA,0,NA,NA,NA,NA,NA
"1047","SMCR8_163","Wet",0,-2,NA,NA,NA,NA,0,0,NA,NA,NA,0,NA,NA,NA,NA
"1048","SMCR8_172","Dry",NA,NA,NA,0,0,NA,0,0,NA,-1,NA,0,0,NA,NA,NA
"1049","SMCR8_172","Moderate",NA,-8,NA,NA,NA,NA,NA,NA,-1,NA,0,NA,NA,NA,NA,NA
"1050","SMCR8_172","Wet",-4,NA,0,NA,NA,-3,NA,NA,NA,NA,NA,NA,NA,NA,NA,NA
"1051","SMCR8_203","Dry",-2,-3,0,NA,NA,NA,NA,NA,NA,-3,NA,0,NA,NA,NA,NA
"1052","SMCR8_203","Wet",NA,NA,NA,-0.0856,0,NA,0,NA,0,NA,0,NA,NA,NA,NA,NA
"1053","SMCR8_203","Moderate",NA,NA,NA,NA,NA,-6,NA,0,NA,NA,NA,NA,0,NA,NA,NA
"1054","SMCR8_218","Moderate",NA,NA,NA,NA,NA,NA,NA,NA,-1,-2,NA,NA,NA,NA,NA,0
"1055","SMCR8_218",NA,NA,NA,-0.00425,NA,NA,NA,-0.0015,-0.00215,NA,NA,-2e-04,-3e-04,NA,-3.5,0.19095,NA
"1056","SMCR8_218","Wet",0,0,NA,NA,0,NA,NA,NA,NA,NA,NA,NA,-0.0153,NA,NA,NA
"1057","SMCR8_218","Dry",NA,NA,NA,0,NA,-3,NA,NA,NA,NA,NA,NA,NA,NA,NA,NA
"1058","SMCR8_219","Moderate",0,-1,NA,NA,NA,0,NA,NA,NA,-9,NA,NA,NA,NA,NA,NA
"1059","SMCR8_219","Wet",NA,NA,NA,NA,NA,NA,NA,NA,NA,NA,0,0,NA,NA,NA,NA
"1060","SMCR8_219","Dry",NA,NA,0,NA,0,NA,0,0,-1,NA,NA,NA,0,NA,NA,NA
"1061","SMCR8_219",NA,NA,NA,NA,-5e-04,NA,NA,NA,NA,NA,NA,NA,NA,NA,NA,NA,NA
"1062","SMCR8_267",NA,NA,NA,NA,NA,NA,NA,0.001,-0.0081,NA,-0.5,-5e-05,0.00025,-0.0056,NA,NA,NA
"1063","SMCR8_267","Wet",0,0,-0.0288,NA,NA,NA,NA,NA,NA,NA,NA,NA,NA,NA,NA,NA
"1064","SMCR8_267","Moderate",NA,NA,NA,0,0,0,NA,NA,-1,NA,NA,NA,NA,NA,NA,NA
"1065","SMCR8_270","Dry",NA,NA,NA,NA,0,-1,0,NA,1,1,0.1,0.1,0,NA,NA,NA
"1066","SMCR8_270","Moderate",11,NA,0,-0.02,NA,NA,NA,0,NA,NA,NA,NA,NA,NA,NA,NA
"1067","SMCR8_270",NA,NA,11.5,NA,NA,NA,NA,NA,NA,NA,NA,NA,NA,NA,NA,NA,NA
"1068","SMCR8_272","Moderate",NA,NA,NA,NA,0,NA,NA,NA,-1,-6,NA,NA,NA,NA,NA,NA
"1069","SMCR8_272","Dry",NA,-1,0,0,NA,NA,0,0,NA,NA,0,0,0,NA,NA,NA
"1070","SMCR8_272","Wet",0,NA,NA,NA,NA,0,NA,NA,NA,NA,NA,NA,NA,NA,NA,NA
"1071","SMCR8_346","Wet",0,NA,NA,0,NA,NA,NA,NA,-4,0,-0.0123,NA,NA,NA,NA,NA
"1072","SMCR8_346","Moderate",NA,0,NA,NA,0,1,NA,NA,NA,NA,NA,NA,NA,NA,NA,NA
"1073","SMCR8_346",NA,NA,NA,-0.1346,NA,NA,NA,3e-04,-1.3526,NA,NA,NA,-0.03005,0.0041,NA,NA,NA
"1074","SMCR8_362","Wet",0,0,NA,0,0,1,-0.34,NA,NA,NA,NA,NA,NA,NA,NA,NA
"1075","SMCR8_362",NA,NA,NA,-0.2721,NA,NA,NA,NA,-1.1088,NA,0.5,-0.00265,0.0241,0.2478,NA,NA,NA
"1076","SMCR8_362","Moderate",NA,NA,NA,NA,NA,NA,NA,NA,-1,NA,NA,NA,NA,NA,NA,NA
"1077","SMCR8_370","Moderate",NA,NA,NA,NA,NA,-3,NA,NA,NA,-2,NA,NA,NA,NA,NA,NA
"1078","SMCR8_370",NA,NA,NA,-0.006,NA,NA,NA,0.0015,-0.0048,NA,NA,-0.002,-0.0029,-0.00705,NA,NA,NA
"1079","SMCR8_370","Dry",-1,NA,NA,0,NA,NA,NA,NA,0,NA,NA,NA,NA,NA,NA,NA
"1080","SMCR8_370","Wet",NA,-1,NA,NA,-1,NA,NA,NA,NA,NA,NA,NA,NA,NA,NA,NA
"1081","SMCR8_375","Wet",NA,NA,NA,NA,NA,0,NA,0,NA,-2,NA,NA,NA,NA,NA,NA
"1082","SMCR8_375","Dry",NA,NA,0,NA,0,NA,0,NA,-1,NA,0,0,0,NA,NA,NA
"1083","SMCR8_375","Moderate",0,-1,NA,0,NA,NA,NA,NA,NA,NA,NA,NA,NA,NA,NA,NA
"1084","SMCR8_419","Wet",0,NA,NA,0,-1,NA,NA,NA,-3,NA,NA,NA,NA,NA,NA,NA
"1085","SMCR8_419","Moderate",NA,0,NA,NA,NA,NA,NA,NA,NA,NA,NA,NA,NA,NA,NA,NA
"1086","SMCR8_419",NA,NA,NA,-0.0536,NA,NA,0,-2e-04,-0.0486,NA,1,-0.0036,-0.00415,0.1012,NA,NA,NA
"1087","SMCR8_446",NA,NA,NA,0.077,NA,NA,NA,-0.0057,0.0268,NA,1.5,-0.00445,9e-04,0.0437,NA,NA,NA
"1088","SMCR8_446","Wet",-2,-1,NA,0,NA,-4,NA,NA,NA,NA,NA,NA,NA,NA,NA,NA
"1089","SMCR8_446","Dry",NA,NA,NA,NA,-1,NA,NA,NA,NA,NA,NA,NA,NA,NA,NA,NA
"1090","SMCR8_446","Moderate",NA,NA,NA,NA,NA,NA,NA,NA,-8,NA,NA,NA,NA,NA,NA,NA
"1091","SMCR8_453","Wet",0,0,NA,NA,NA,NA,NA,NA,-4,NA,NA,NA,NA,NA,NA,NA
"1092","SMCR8_453",NA,NA,NA,1.7698,NA,NA,4,-0.0343,-0.0351,NA,4,-0.0274,-0.0228,1.08015,NA,NA,NA
"1093","SMCR8_453","Moderate",NA,NA,NA,0,0,NA,NA,NA,NA,NA,NA,NA,NA,NA,NA,NA
"1094","SMCR8_474","Wet",NA,NA,NA,NA,NA,-1,NA,NA,NA,-1,NA,NA,NA,NA,NA,NA
"1095","SMCR8_474","Dry",NA,NA,0,NA,1,NA,0,0,NA,NA,0,0,0,NA,NA,NA
"1096","SMCR8_474",NA,-1,-2,NA,-0.00275,NA,NA,NA,NA,NA,NA,NA,NA,NA,NA,NA,NA
"1097","SMCR8_474","Moderate",NA,NA,NA,NA,NA,NA,NA,NA,-1,NA,NA,NA,NA,NA,NA,NA
"1098","SMCR8_480",NA,37,-57,504.5441,NA,48,69,6e-04,-7.8472,-13,-6,0.66265,4.3339,900.696,NA,NA,NA
"1099","SMCR8_480","Moderate",NA,NA,NA,0,NA,NA,NA,NA,NA,NA,NA,NA,NA,NA,NA,NA
"1100","SMCR8_496","Dry",NA,NA,0,NA,0,NA,0,NA,NA,-1,0,0,0,NA,NA,NA
"1101","SMCR8_496","Wet",0,NA,NA,0,NA,-1,NA,0,NA,NA,NA,NA,NA,NA,NA,NA
"1102","SMCR8_496","Moderate",NA,-1,NA,NA,NA,NA,NA,NA,0,NA,NA,NA,NA,NA,NA,NA
"1103","SMCR8_513",NA,-0.5,-0.5,0.28775,1e-04,NA,-2,-0.52675,2.1618,2,NA,NA,NA,0.16985,NA,NA,NA
"1104","SMCR8_513","Wet",NA,NA,NA,NA,0,NA,NA,NA,NA,NA,NA,NA,NA,NA,NA,NA
"1105","SMCR8_528",NA,73,73,1238.0001,0.0512,0,34,2.1038,-493.5691,-9,-7,0.1609,246.366,1164.2373,NA,NA,NA
"1106","SMCR8_530","Dry",12,12,NA,-0.02,0,-2,0,NA,2,2,NA,NA,NA,NA,NA,NA
"1107","SMCR8_530","Moderate",NA,NA,0,NA,NA,NA,NA,0,NA,NA,0.1,0.1,0,NA,NA,NA
"1108","SMCR8_543","Dry",NA,NA,0,NA,0,NA,NA,NA,NA,-10,0,0,0,NA,NA,NA
"1109","SMCR8_543","Moderate",-6,NA,NA,NA,NA,-3,NA,NA,-1,NA,NA,NA,NA,NA,NA,NA
"1110","SMCR8_543","Wet",NA,-7,NA,NA,NA,NA,0,0,NA,NA,NA,NA,NA,NA,NA,NA
"1111","SMCR8_543",NA,NA,NA,NA,-0.004,NA,NA,NA,NA,NA,NA,NA,NA,NA,NA,NA,NA
"1112","SMCR8_587",NA,NA,NA,2.90175,NA,NA,NA,0.0153,0.3777,NA,-0.5,0.0478,-0.019,3.8451,NA,NA,NA
"1113","SMCR8_587","Wet",0,NA,NA,NA,NA,0,NA,NA,NA,NA,NA,NA,NA,NA,NA,NA
"1114","SMCR8_587","Moderate",NA,0,NA,0,0,NA,NA,NA,-2,NA,NA,NA,NA,NA,NA,NA
"1115","SMCR8_605",NA,-0.5,NA,-0.1511,3e-04,NA,NA,-0.0021,0.35165,NA,-4,-0.00655,-0.0179,-0.08525,NA,NA,NA
"1116","SMCR8_605","Moderate",NA,-1,NA,NA,0,-1,NA,NA,NA,NA,NA,NA,NA,NA,NA,NA
"1117","SMCR8_605","Wet",NA,NA,NA,NA,NA,NA,NA,NA,-5,NA,NA,NA,NA,NA,NA,NA
"1118","SMCR8_635","Moderate",-2,-6,NA,-0.0562,NA,NA,NA,NA,-1,-3,NA,NA,NA,NA,NA,NA
"1119","SMCR8_635","Dry",NA,NA,0,NA,NA,-1,0,0,NA,NA,0,0,0,NA,NA,NA
"1120","SMCR8_635","Wet",NA,NA,NA,NA,0,NA,NA,NA,NA,NA,NA,NA,NA,NA,NA,NA
"1121","SMCR8_688","Wet",0,NA,NA,0,0,-1,0,NA,0,NA,NA,NA,NA,NA,NA,NA
"1122","SMCR8_688","Moderate",NA,0,NA,NA,NA,NA,NA,NA,NA,NA,NA,NA,NA,NA,NA,NA
"1123","SMCR8_688",NA,NA,NA,-0.0115,NA,NA,NA,NA,0.0525,NA,1,-0.00125,-0.00115,-0.0109,NA,NA,NA
"1124","SMCR8_713",NA,-1,-1.5,NA,NA,NA,-0.5,NA,NA,NA,3,NA,NA,NA,NA,NA,NA
"1125","SMCR8_713","Wet",NA,NA,0,NA,1,NA,NA,NA,NA,NA,0,0,0,NA,NA,NA
"1126","SMCR8_713","Moderate",NA,NA,NA,-0.0055,NA,NA,0,0,-1,NA,NA,NA,NA,NA,NA,NA
